trees,train_scaled_mae,future_scaled_mae
1,1.1340284219918249,0.9179728064664678
2,1.12352146944755,0.9080342389977875
3,1.1135817535075367,0.90025599909361
4,1.1042439240025077,0.8923314909733552
5,1.095202137195804,0.8851935017864916
6,1.0871220622357742,0.8795897518089026
7,1.0793853231972328,0.8755580381630987
8,1.0722703008425296,0.8707518192493752
9,1.0655610978612757,0.8663277419553134
10,1.0592049494053652,0.8640076415424965
11,1.0534663958018218,0.861914804507797
12,1.0482676217148033,0.8590546292664071
13,1.043284293668866,0.8564696887867294
14,1.038511901196544,0.8551788062624295
15,1.0340394986044008,0.8532789484910134
16,1.0299849510242474,0.8520999636448908
17,1.026156200565628,0.8505343993380584
18,1.0222307587503927,0.8493618459856317
19,1.0189670930811547,0.8484650567790345
20,1.0158081485275643,0.8470794997513013
21,1.012822093628538,0.8455823402323122
22,1.0097569780716988,0.8460393329096679
23,1.0069493690135434,0.8472815261412799
24,1.0045142620004817,0.8459671753073459
25,1.0021457619115874,0.845573214241065
26,0.9997669436890488,0.8443856931963359
27,0.9976766805949351,0.8434866146631953
28,0.995634608942825,0.842447659229512
29,0.9938232651104966,0.8414878007736322
30,0.9920095564257012,0.840449023176513
31,0.9903845338526036,0.8404015079381953
32,0.988788706471539,0.839490466799075
33,0.9873408253455986,0.8389319752629737
34,0.9858419470841464,0.8381783092103755
35,0.984531650851177,0.8383077472217594
36,0.9832979198682706,0.8379148153970642
37,0.9820636563298821,0.8372808703384743
38,0.9809763943659701,0.8366300453773414
39,0.9797694108760928,0.8389792677021773
40,0.9787453052963181,0.8392126078680245
41,0.9778307991184124,0.8386173866958373
42,0.976962966578273,0.8387430644581527
43,0.9761332529498188,0.8383033171656173
44,0.9752651039220491,0.8378562514415232
45,0.974552988689435,0.8378058433981126
46,0.9739149728639942,0.8373269862487622
47,0.9731190285434828,0.8372506011255605
48,0.9724633602916346,0.8369250571164455
49,0.9718233596697796,0.8366099521846035
50,0.9711935040001951,0.8363836588018766
51,0.9706199996878064,0.8365310134431188
52,0.9700506077640055,0.8362761394450222
53,0.9695263522988282,0.836602172192002
54,0.9689766514974778,0.8362474772236649
55,0.9685145783286205,0.8365760663011438
56,0.9680056855385849,0.8362356675390888
57,0.9676008511862538,0.8363537591832321
58,0.9671792411019384,0.8360903450439742
59,0.9668591469247754,0.835997215191171
60,0.9665020421055192,0.8361530248333898
61,0.9661614197515913,0.8363196269307872
62,0.9658580260354445,0.8360893310119499
63,0.965589240943767,0.8363283163975012
64,0.9653131580532709,0.8360492706070478
65,0.9650127113297258,0.8363344618416735
66,0.9646920161662039,0.8369824996798811
67,0.9644516724375151,0.8369341163460174
68,0.9641860683259146,0.837409703217573
69,0.963914064499866,0.8380242797139974
70,0.9635595273030745,0.8379475192093355
71,0.9633177425400049,0.838547397618286
72,0.9630224343030455,0.8388465604646963
73,0.9628082693835998,0.8387688669060529
74,0.9625920400037061,0.8388117318619034
75,0.9623600554573022,0.8388896682185162
76,0.9621313201755627,0.8389299007711882
77,0.9618927670305483,0.8391681987251586
78,0.9616783740610573,0.839477872390372
79,0.9615188378930902,0.8394591854527881
80,0.9613028026648325,0.8399913242742163
81,0.9611572921937709,0.8398970990161152
82,0.9608816144477885,0.8398500636302294
83,0.9607532393267812,0.8397626357405358
84,0.9606269154460679,0.8397759517615081
85,0.9604347440449857,0.8397779346437192
86,0.9601404788802383,0.8397340505839375
87,0.9599698940249405,0.8397642990336233
88,0.959824521918628,0.8398125670927906
89,0.9596618673096089,0.8397452718436158
90,0.9595686685033419,0.8397598636092778
91,0.9594644781537129,0.8397355329728765
92,0.9593627172417316,0.8398235951479549
93,0.9592639014852946,0.8397915894114742
94,0.9591463591825581,0.8397352715852934
95,0.9590790424110472,0.8396652122246834
96,0.9589818140044931,0.8397291010610003
97,0.9589515513930198,0.8396527804400928
98,0.9589049918386765,0.8397510496434402
99,0.9587909628862971,0.839630299051249
100,0.9587386974005148,0.8396483610065999
101,0.9587127443204303,0.8395714288886481
102,0.958637100251726,0.8394542779679947
103,0.9586117862766609,0.8393752946782748
104,0.9585437240594225,0.8392690762247192
105,0.9584740785581637,0.8393085272969325
106,0.9584483010047404,0.8392573178847349
107,0.9583573648052816,0.83916042319955
108,0.9582974529664661,0.8391720984329646
109,0.9582777826536395,0.8391399855460472
110,0.9582620164637036,0.8390874841587282
111,0.9582471247518687,0.8390376078407752
112,0.9582151114750801,0.8390512156961034
113,0.9581609641623913,0.8390148649180624
114,0.9581481077524967,0.8389701733315003
115,0.9580752795416093,0.8389555640947468
116,0.9580076215109873,0.8389416853198309
117,0.9579461437664044,0.8389840399568305
118,0.9578941859279324,0.8390242768619801
119,0.9578600523445491,0.8391038337671091
120,0.9578473897942024,0.8390821522002027
121,0.9578203321475908,0.8390962633962612
122,0.957812658778158,0.8390505965838235
123,0.9577871704085491,0.839071474415224
124,0.9577606749692804,0.8390584414781675
125,0.9577355043019753,0.8390460601879637
126,0.9577115925548035,0.8390342979622702
127,0.9576888765382594,0.8390231238478614
128,0.9576672963926157,0.839012508439173
129,0.9576619500634748,0.838972067177505
130,0.9576495469885462,0.8389912814080226
131,0.9576294837699675,0.8389811305685313
132,0.9576104264152734,0.8389714872710147
133,0.9575738995497716,0.8390105672334822
134,0.957516955463557,0.8390342691012518
135,0.9574629082291903,0.8390567858756326
136,0.9574128903205534,0.8390781768112945
137,0.9573834098213818,0.839111922296748
138,0.9573557393020444,0.8391439805079293
139,0.9573303068863138,0.8391754769466363
140,0.9573073066483037,0.8392106671132948
141,0.9572854564612596,0.8392440977716202
142,0.9572646989536682,0.8392758568970297
143,0.9572449795920258,0.8393060280661685
144,0.957226246504123,0.8393346906768504
145,0.9572087324391734,0.8393619201569981
146,0.957192306153343,0.8393877881631386
147,0.9571796116795083,0.839412362768972
148,0.9571394343882799,0.8394087948734655
149,0.9571369913491352,0.8393861117366466
150,0.9571350969887532,0.8393529820134039
