Номенклатура,Номенклатура.Код,Артикул,Кратность,янв. 2024,февр. 2024,март 2024,апр. 2024,май 2024,июнь 2024,июль 2024,авг. 2024,сент. 2024,окт. 2024,нояб. 2024,дек. 2024,янв. 2025,февр. 2025,март 2025,апр. 2025,май 2025,июнь 2025,июль 2025,авг. 2025,сент. 2025,окт. 2025,нояб. 2025,дек. 2025,янв. 2026,февр. 2026,март 2026,апр. 2026,май 2026,июнь 2026,июль 2026,авг. 2026,сент. 2026,Итого
,,,,Количество,Количество,Количество,Количество,Количество,Количество,Количество,Количество,Количество,Количество,Количество,Количество,Количество,Количество,Количество,Количество,Количество,Количество,Количество,Количество,Количество,Количество,Количество,Количество,Количество,Количество,Количество,Количество,Количество,Количество,Количество,Количество,Количество,Количество
" S174  (1кл, инд с/у 16А, IP44) Переключатель ""Wessen 59"" ВС 616-157Б-18 (60) !!!",030200128_,VS616-157B-18,0,,,,,,,,,,,,,,,,,,,2,,,2,,,,,,,,,,,,4
" S179   2кл с/у 16А  ""Wessen 59"" ВС 510-252-18 (10/60) !!!",030200382_,VS510-252-18,0,1,4,1,1,9,4,3,74,-34,5,,2,,,,,,,,3,3,9,,15,8,7,4,19,45,4,5,,4,196
" S183  Переключатель 1кл, с инд.,с/у 16А ""Wessen 59"" ВС 616-157-18 (60) !!!",030200127_,VS616-157-18,0,,,,,,,,,,,,,,,,,,,,,,4,,,,,,,,,,,,4
" S184  Диммер (с/у 600Вт) ""Wessen 59"" ВПП-5С2-18(2/16) !!!",030200141_,SR-5S2-18,0,,,,,,,,,,,,,,,,,,,,,,,2,,2,14,,,,,,,,18
" S185 роз-ТВ. с\у  ""Wessen 59"" РТС 151-18 (60) !!!",030200096_,RTS-151-18,0,,2,,,,,,,,,,,,,,,,,120,,,,,,,,,,,,,,,122
" S186  с/у. з/ш 16А  ""Wessen 59""  РС 16-151-18 (10/60) !!!",030200072_,RS16-151-18,0,2,1,2,6,26,1,,,,,,,2,,,,,3,10,19,17,16,3,134,,,,1,20,,,,,263
" S187 с/у. з/ш. з/к.16А ""Wessen 59"" РС 16-152-18 (10/60) !!!",030200093_,RS16-152-18,20,34,22,2,,2,67,,16,,,,8,1,,,,,,,,1,,41,110,278,34,10,9,,,,,,635
" S188   с/у. з/ш, 2-я 16А  ""Wessen 59"" РС 16-254-18 (6/36) !!!",030200135_,RS16-254-18,12,,3,5,1,27,,,,,,,1,,,,,,,1,,2,,2,38,2,16,21,13,46,44,46,18,,286
" S189  с/у. з/ш, з,к, 2-я 16А  ""Wessen 59"" РС 16-255-18 (6/36) !!!",030200136_,RS16-255-18,6,20,3,,2,6,20,,,,,,,,,,1,,,,2,21,-4,1,100,82,6,5,35,11,23,,24,5,363
" S190  с/у. з/ш. з/к.16А, IP44 ""Wessen 59"" РС 16-152Б-18 (10/60) !!!",030200134_,RS16-152B-18,10,10,2,,,,,,5,1,,,,,,,,,,,2,,,,1,2,21,,83,35,11,27,30,64,294
" S191 роз тел. с\у 1А ""Wessen 59"" РСИ 152 Т-18 (60) !!!",030200094_,RSI-152T-18,0,,,,,,2,,,1,,,,,,,,,,,,,,,,,,,,,,,,,3
" S192 роз информ. с\у 1А  ""Wessen 59"" РСИ 152 К5Е-18 (60) !!!",030200090_,RSI-152K5E-18,0,,,,,,,,,,,,,,,,,,1,,,,,1,,,,,,,,,,,2
" S194 2-я роз тел/комп с\у 1А  ""Wessen 59"" РСИ 251 ТК5Е-18 (60) !!!",030200095_,RSI-251TK5E-18,0,,,,,,,,,,,,,,,,,,,,2,,,,,,,,,,,,,,2
" S195 2-я роз информ. с\у 1А  ""Wessen 59"" РСИ 251 КК5Е-1-86 (60) !!!",030200142_,RSI-251KK5E-1-86,10,3,,,1,,28,,2,,,,,,,,,,,,,,,,,,1,,1,,,,,,36
 Распределительная коробка с/у для твердых стен  70х40 IP30 IMT35120 Systeme Electric (175),280300174_,IMT35120,175,596,229,347,824,1433,1162,843,237,776,1211,1005,373,579,383,944,614,480,764,581,621,959,164,265,227,878,1411,1586,106,535,227,1232,1701,398,23691
 Распределительная коробка с/у для твердых стен  75х30 карболит IP30 У-195 Systeme Electric (108),030300013_,U195,108,54,20,109,,,50,50,15,71,20,6,50,149,111,108,1,,,3,195,,80,2,,8,,,,,,,,,1102
 Распределительная коробка с/у для твердых стен 100х100х50 IP30 IMT35122 Systeme Electric (72),030200220_,IMT35122,72,814,52,359,1487,1257,1217,1978,2181,1444,1525,1505,872,747,1307,906,1229,1883,2328,1252,1464,973,1661,1287,892,860,736,1267,1202,2037,1841,1635,1662,1092,42952
 Распределительная коробка с/у для твердых стен 100х50 IP30 IMT35121 Systeme Electric (84),030200219_,IMT35121,84,991,8156,1109,2538,3320,1846,3399,2723,2476,2858,1388,1186,5141,3492,3656,3658,3963,5211,10609,7696,4320,2560,10940,2129,2278,13213,1574,3427,15087,4807,3680,3555,2979,145965
 Распределительная коробка с/у для твердых стен 102х15 карболит IP30 У-191 Systeme Electric (100),030300078_,U191,100,,,,2,3,59,31,,30,2,46,10,1,10,10,,,40,60,95,,,1,,,5,,,,,5,5,2,417
 Распределительная коробка с/у для твердых стен 102х36 карболит IP30 У-192 Systeme Electric (56),030300014_,U192,56,50,55,80,56,156,111,251,250,216,201,142,3,,34,1814,191,1395,,601,361,241,912,324,61,301,506,260,392,1,295,9,5,186,9460
 Установочная коробка для полых стен г/к  65х45 IMT35150 Systeme Electric (210),030200193_,IMT35150,3780,16194,1997,4511,17153,14937,18705,17311,21000,16565,22804,17450,13211,16307,22560,21882,25710,17627,25136,23583,22259,15925,25149,27153,24955,18659,24170,21684,23991,24783,29064,39200,36290,27768,695693
 Установочная коробка для полых стен г/к  65х60 IMT35151 System Electric(120),030201459_,IMT35151,120,,,,,,,,,,,,,,,,,,,,,,,,,,,,1117,4717,6747,4209,3754,2870,23414
 Установочная коробка для твердых стен 65х45 IMT35100 Systeme Electric (200),030200192_,IMT35100,3600,30221,9565,25484,42968,32348,41426,40484,50017,65894,42301,40967,36204,53478,43751,54311,52084,50676,62934,60436,50757,53879,61615,67138,45625,35240,33467,42728,49395,53354,64228,66114,63939,50941,1573969
 Установочная коробка для твердых стен 65х60 IMT35101 Systeme Electric (120),030200201_,IMT35101,120,10996,2295,8418,15383,11814,15101,11394,14308,19166,14688,14065,11283,20124,14561,15620,19797,20724,19636,21655,18797,25145,22466,15980,17255,17268,14645,19937,25870,23330,24199,26986,25401,21765,580072
"A398 Роз. с з/к 16А с/у б/рамки ""ATLAS"" алюминий ATN343 (10)",300200428_,ATN000343,10,346,335,233,525,546,541,508,707,359,384,253,530,610,394,444,104,589,413,379,170,806,212,353,724,111,152,380,209,122,310,135,124,81,12089
"AtlasDesign PROFI IP54 О/У 1-клавишный кнопочный ВЫКЛЮЧАТЕЛЬ 10 АХ, АНТРАЦИТ !!!",ATN544015,ATN544015,12,,,,,,,,,,,,,,,,,,,,,,,,,,,6,,,,,,,6
"AtlasDesign PROFI IP54 О/У 1-клавишный кнопочный ВЫКЛЮЧАТЕЛЬ 10 АХ, БЕЛЫЙ !!!",ATN540115,ATN540115,12,,,,,,,,,,,,,,,,,,,,,,,,,,,,1,4,,,,,5
"ATLASDESIGN РОЗЕТКА 16А c 2 USB A+C, 5В/2,4А/3,0А, 2х5В/1,5А, механизм, ШАМПАНЬ",ATN000532,ATN000532,1,,,,,,,,,,,,,,,,,9,,,,,,,,,,,,,,,,,9
"ATLASDESIGN РОЗЕТКА 16А с 2 USB A+C, 5В/2,4А/3,0А, 2х5В/1,5А, механизм, ПЕСОЧНЫЙ !!!",ATN001232,ATN001232,1,,,,,,,,,,,,,,,,,,,,,,,,,,,,,2,1,,,1,4
"B001 Выкл 1кл о/у  10А 250B""BLANCA"" антрацит BLNVA101006 (15)",300201148_,BLNVA101006,15,,,,,,,,,,,,,,,,,24,83,38,22,52,101,84,67,38,34,43,60,40,40,38,72,52,888
"B002 Выкл 2 кл о/у 10А 250B ""BLANCA"" антрацит BLNVA105016 (15)",300201149_,BLNVA105016,15,,,,,,,,,,,,,,,,,9,79,28,16,37,47,23,30,8,9,12,17,7,48,9,28,27,434
"B003 Роз. о/у без з/к без ш/т 16А 250В ""BLANCA"" антрацит BLNRA000116 (18)",300201150_,BLNRA000116,18,,,,,,,,,,,,,,,,,2,59,2,4,9,19,16,3,5,2,1,6,13,4,1,19,,165
"B004 Роз. 2-ная о/у без з/к без ш/т 16А 250В ""BLANCA"" антрацит BLNRA000216 (10)",300201151_,BLNRA000216,10,,,,,,,,,,,,,,,,2,17,66,12,15,222,43,27,58,10,14,13,23,23,8,17,23,36,629
"B005 Роз. 3-ная о/у без з/к без ш/т16А 250В ""BLANCA"" антрацит BLNRA000316 (6)",300201152_,BLNRA000316,6,,,,,,,,,,,,,,,,,2,33,67,9,,24,7,40,11,7,1,1,,24,16,1,1,244
"B006 Роз. 3-ная о/у с  з/к без ш/т 16А 250В ""BLANCA"" антрацит BLNRA010316 (5)",300201153_,BLNRA010316,5,,,,,,,,,,,,,,,,24,17,54,38,31,121,47,51,130,29,103,32,50,29,33,39,58,33,919
"B007 Роз. 4-ная о/у без  з/к без ш/т 16А 250В ""BLANCA"" антрацит BLNRA000416 (5)",300201154_,BLNRA000416,5,,,,,,,,,,,,,,,,,6,18,6,9,1,23,35,8,2,5,1,2,1,10,6,14,,147
"B008 Роз. 4-ная о/у с  з/к со ш/т 16А 250В ""BLANCA"" антрацит BLNRA011416 (4)",300201155_,BLNRA011416,4,,,,,,,,,,,,,,,,,3,31,31,22,22,15,23,86,45,21,158,42,15,22,17,43,20,616
"B009 Роз. о/у с з/к без ш/т 16А 250В ""BLANCA"" антрацит BLNRA010116 (12)",300200968_,BLNRA010116,12,,,,,,,,,,,,,,,,4,78,62,100,34,85,138,46,69,45,34,36,123,24,60,36,78,33,1085
"B010 Роз. 2-ная о/у с з/к без ш/т 16А 250В ""BLANCA"" антрацит BLNRA010216 (8)",300200967_,BLNRA010216,8,,,,,,,,,,,,,,,,,59,75,71,112,66,301,112,178,106,249,239,212,65,153,122,251,211,2582
"Blanca Силовой Комплект О/У 2К+3 32А, 250В розетка, вилка, подъем.коробка",300200413_,BLNSK003231,6,1,,2,12,16,10,12,28,46,7,5,33,10,7,12,31,11,12,1,17,6,20,10,15,9,13,15,11,13,9,8,29,7,438
City  9 ЩРВ-П 12 Прозрач./дв. Systeme Electric,010400436_,EZ9E112S2FRU,1,20,3,21,79,58,81,100,100,69,105,114,42,69,40,25,47,27,77,84,33,49,61,25,13,11,6,9,30,22,20,25,17,12,1494
City 9 ЩРВ-П  8 Прозрач./дв. Systeme Electric,010400432_,EZ9E108S2FRU,1,11,7,2,17,4,28,43,95,21,32,15,12,15,3,10,13,8,7,5,18,1,12,5,2,5,1,6,8,2,9,6,3,,426
City 9 ЩРВ-П 18 Прозрач./дв. Systeme Electric,010400440_,EZ9E118S2FRU,1,8,3,5,59,62,30,39,73,30,58,44,19,28,32,40,43,41,40,42,38,28,27,17,22,19,18,6,19,17,22,17,9,8,963
City 9 ЩРВ-П 24 Прозрач./дв. Systeme Electric,010400444_,EZ9E212S2FRU,1,61,2,19,149,115,133,128,152,124,140,128,96,105,96,99,93,102,104,114,105,84,58,34,40,33,40,13,57,55,53,32,42,20,2626
City 9 ЩРВ-П 36 Прозрач./дв. Systeme Electric,010400447_,EZ9E312S2FRU,1,41,21,62,105,74,103,122,143,98,129,89,74,48,85,73,96,73,47,90,81,45,50,34,34,27,37,36,46,48,40,29,33,24,2137
City 9 ЩРН-П  8 Прозрач./дв. Systeme Electric,010400433_,EZ9E108S2SRU,1,3,2,3,30,42,16,41,51,66,72,34,59,30,26,2,12,5,11,18,68,-6,9,6,12,3,2,4,13,7,8,15,72,7,743
City 9 ЩРН-П 12 Прозрач./дв. Systeme Electric,010400437_,EZ9E112S2SRU,1,2,,9,59,56,40,46,91,81,99,79,18,36,32,21,21,51,35,60,48,73,44,38,27,24,13,10,11,13,34,48,18,19,1256
City 9 ЩРН-П 18 Прозрач./дв. Systeme Electric,010400441_,EZ9E118S2SRU,1,,,2,30,32,23,40,41,19,120,10,59,52,19,16,22,13,18,17,34,16,13,29,22,6,15,15,9,17,13,19,14,11,766
City 9 ЩРН-П 24 Прозрач./дв. Systeme Electric,010400445_,EZ9E212S2SRU,1,13,2,9,33,28,23,27,77,54,67,46,33,27,16,23,48,28,48,49,34,34,62,34,21,20,7,17,9,16,16,17,23,19,980
City 9 ЩРН-П 36 Прозрач./дв. Systeme Electric,010400448_,EZ9E312S2SRU,1,17,2,5,24,36,26,18,54,35,26,31,49,15,15,18,35,21,26,40,12,14,37,13,22,11,6,10,15,10,13,19,20,13,708
"G001 Роз. с з/к 16А механизм ""ARTGALLERY"" алюминий GAL0343 (10)",300200784_,GAL000343,10,,,,,,,,24,187,77,55,213,4,78,,31,53,40,69,54,56,66,39,,,4,-10,,,1,106,87,59,1293
"G002 Выкл. 1 кл 10А ""ARTGALLERY"" алюминий GAL0311 (10)",300200785_,GAL000311,10,,,,,,,,24,86,7,15,49,2,15,1,3,14,20,16,23,-3,12,8,1,,2,-9,3,,,5,7,14,315
"G003 Выкл. 1 кл с инд 10А механизм ""ARTGALLERY"" алюминий GAL0313 (10)",300200786_,GAL000313,10,,,,,,,,10,31,,,,,,,,,,,,-10,,,,,,-17,,,,,,,14
"G004 Выкл. 2 кл 10А механизм ""ARTGALLERY"" алюминий GAL0351 (10)",300200787_,GAL000351,10,,,,,,,,20,65,8,11,42,,14,1,14,10,,1,3,7,,,,,1,-28,,,2,21,,8,200
"G005 Выкл. 2 кл с инд 10А механизм ""ARTGALLERY"" алюминий GAL0353 (10)",300200788_,GAL000353,10,,,,,,,,10,29,,,,,,,,,,,,-9,6,2,,2,4,-19,,,,,10,,35
"G006 Роз. комп. RJ45 6A механизм ""ARTGALLERY"" алюминий GAL0386 (5)",300200789_,GAL000386,5,,,,,,,,6,23,16,,28,,15,-1,,18,,,2,-2,,,,1,1,-3,,,,36,,,140
"G007 Переключ. 1 кл механизм ""ARTGALLERY"" алюминий GAL0361 (10)",300200790_,GAL000361,10,,,,,,,,10,19,2,13,12,,10,,,26,10,8,4,-7,2,,4,,,-4,,,,4,8,,121
"G008 Перекрест. переключ. 1 кл ""ARTGALLERY"" алюминий GAL0371 (5)",300200791_,GAL000371,5,,,,,,,,5,20,3,,1,,3,,,1,12,,,-3,,,1,,,-9,,,,,,,34
"G009 Роз. 2-ная комп. RJ45+RJ45 6A механизм ""ARTGALLERY"" алюминий GAL0388 (1)",300200792_,GAL000388,1,,,,,,,,,2,,,,,,,,,,,,,,,,,,,,,,2,,,4
"G010 Роз. с з/к с/ш 16A механизм ""ARTGALLERY"" алюминий GAL0345 (10)",300200793_,GAL000345,10,,,,,,,,20,10,10,2,,,,,,,,1,,-17,,,,,,,,,,,,,26
"G011 Роз. TV оконечная механизм ""ARTGALLERY"" алюминий GAL0391 (5)",300200794_,GAL000391,5,,,,,,,,5,23,,,7,1,3,,2,,,,2,-5,,4,,,,-10,,,,,,,32
"G012 Рамка 1-ная ""ARTGALLERY"" алюминий GAL0301 (20)",300200795_,GAL000301,20,,,,,,,,34,178,29,51,121,3,26,,6,69,1,35,30,25,38,20,2,3,8,-37,,,,38,30,22,732
"G013 Рамка 2-ная ""ARTGALLERY"" алюминий GAL0302 (10)",300200796_,GAL000302,10,,,,,,,,30,85,22,15,55,,21,,,22,,18,38,-19,16,5,,,,2,3,,,38,2,14,367
"G014 Рамка 3-ная ""ARTGALLERY"" алюминий GAL0303 (5)",300200797_,GAL000303,5,,,,,,,,20,29,17,3,16,,8,1,2,2,,8,3,-12,8,3,,,,-8,1,,1,9,5,3,119
"G015 Рамка 4-ная ""ARTGALLERY"" алюминий GAL0304 (5)",300200798_,GAL000304,5,,,,,,,,10,21,2,2,20,,12,,,,,2,5,-7,1,,,,,-7,,,,6,2,3,72
"G016 Рамка 5-ная ""ARTGALLERY"" алюминий GAL0305 (5)",300200799_,GAL000305,5,,,,,,,,10,19,2,,,,,,1,,,,,-9,,,,,,-10,,,,1,3,1,18
"G017 Переключ. 2 кл механизм ""ARTGALLERY"" алюминий GAL0365 (10)",300200800_,GAL000365,10,,,,,,,,10,19,14,17,2,,7,,,3,,9,,-7,4,,1,,,-9,,,,,,,70
"G018 Рамка 1-ная IP44 ""ARTGALLERY"" алюминий GAL440301 (10)",300200801_,GAL440301,10,,,,,,,,6,10,10,,20,-20,,1,,2,,,,-6,4,,,2,8,,,,,10,,,47
"G019 Рамка 2-ная IP44 ""ARTGALLERY"" алюминий GAL440302 (5)",300200802_,GAL440302,5,,,,,,,,,10,10,,,,3,-1,,,,,,,,,,,,,,,,,20,,42
"G020 Роз. с з/к с/ш с крышкой 16A механизм IP44 ""ARTGALLERY"" алюминий GAL440346 (10)",300200803_,GAL440346,10,,,,,,,,10,20,16,,7,,10,-1,,4,,4,,-8,,2,,1,6,-9,4,,1,10,,,77
"G021 Выкл. 1 кл кнопочный 10А механизм ""ARTGALLERY"" алюминий GAL0315 (5)",300200804_,GAL000315,5,,,,,,,,6,14,,,,1,,,,,,,,-2,,,,,,-9,,,,,,,10
"G022 Вывод кабеля механизм ""ARTGALLERY"" алюминий GAL0399 (5)",300200805_,GAL000399,5,,,,,,,,5,10,5,,,,,,,,,,,-5,,,,,,-10,3,,,7,,,15
"G023 Роз. 2-ная TV комп. RJ45 5Е ""ARTGALLERY"" алюминий GAL0389 (5)",300200806_,GAL000389,5,,,,,,,,6,10,,,,,,,,,,,1,-4,2,3,,,,-9,,,,,,5,14
"G024 Роз. USB A+C 45Вт высокоскор.заряд., механизм ""ARTGALLERY"" алюминий GAL0329 (1)",300200807_,GAL000329,1,,,,,,,,3,,,,6,,,,,,,,,-3,,,,,,,,,,,,,6
"G025 Диммер поворотно-нажимной механизм 400Вт ""ARTGALLERY"" алюминий GAL0323 (1)",300200808_,GAL000323,1,,,,,,,,3,1,,,,,,,,,,,,-3,,,,,,,,,,,,,1
"G026 Роз. с з/к с/ш LED 16A механизм IP20 ""ARTGALLERY"" алюминий GAL0346 (10)",300200809_,GAL000346,10,,,,,,,,3,1,,,,,,,,1,,,,,2,,,,,,,,,,,,7
"G027 Роз. с з/к механизм 16A ""ARTGALLERY"" шампань GAL0543 (10)",300200810_,GAL000543,10,,,,,,,,44,477,224,361,385,149,506,380,380,268,120,91,213,56,186,184,172,159,126,27,32,179,30,252,241,112,5354
"G028 Роз. с з/к с/ш механизм ""ARTGALLERY"" шампань GAL0545 (10)",300200811_,GAL000545,10,,,,,,,,,61,14,,33,,,2,13,28,,28,-25,1,,2,6,,,,,45,1,,,75,284
"G029 Выкл. 1 кл 10А ""ARTGALLERY"" шампань GAL0511 (10)",300200812_,GAL000511,10,,,,,,,,14,135,67,98,89,40,78,104,99,73,37,-9,9,14,48,35,78,45,45,11,5,40,7,42,59,36,1299
"G030 Выкл. 1 кл с инд 10А механизм ""ARTGALLERY"" шампань GAL0513 (10)",300200813_,GAL000513,10,,,,,,,,,20,40,29,10,,2,,,,,-6,-14,,,,,,,-10,,,,,12,,83
"G031 Выкл. 2 кл 10А механизм ""ARTGALLERY"" шампань GAL0551 (10)",300200814_,GAL000551,10,,,,,,,,10,89,32,77,37,11,89,56,72,37,112,32,33,7,20,28,60,27,31,7,11,26,6,30,35,27,1002
"G032 Выкл. 2 кл с инд 10А механизм ""ARTGALLERY"" шампань GAL0553 (10)",300200815_,GAL000553,10,,,,,,,,,20,20,18,,,2,,,,5,-9,-1,,5,,,,,-9,,,,,,,51
"G033 Роз. комп. RJ45, 6A механизм ""ARTGALLERY"" шампань GAL0586 (5)",300200816_,GAL000586,5,,,,,,,,5,44,,24,22,5,19,-3,16,1,2,,-2,2,4,5,10,2,3,-3,1,9,1,6,5,,178
"G034 Переключ. 1 кл механизм ""ARTGALLERY"" шампань GAL0561 (10)",300200817_,GAL000561,10,,,,,,,,10,39,27,14,12,,28,40,54,2,34,2,3,,13,7,20,25,12,,,6,,10,11,18,387
"G035 Перекрест. переключ. 1 кл ""ARTGALLERY"" шампань GAL0571 (5)",300200818_,GAL000571,5,,,,,,,,10,20,,12,1,,8,,5,20,,-4,2,,3,,6,,,-8,,3,2,2,3,1,86
"G036 Роз. 2-ная комп. RJ45+RJ45 6A механизм ""ARTGALLERY"" шампань GAL0588 (1)",300200819_,GAL000588,1,,,,,,,,,5,1,,,,,7,14,,,,-1,,3,,,,11,,1,,,,,,41
"G037 Роз. TV оконечная 1DB механизм ""ARTGALLERY"" шампань GAL0591 (5)",300200820_,GAL000591,5,,,,,,,,5,15,,10,3,,9,4,3,,2,-12,,,4,6,8,,,-7,,3,1,,1,2,57
"G038 Рамка 1-ная ""ARTGALLERY"" шампань GAL0501 (20)",300200821_,GAL000501,20,,,,,,,,44,236,114,191,159,95,361,238,164,136,86,41,48,75,50,73,251,73,64,18,18,103,23,86,84,147,2978
"G039 Рамка 2-ная ""ARTGALLERY"" шампань GAL0502 (10)",300200822_,GAL000502,10,,,,,,,,10,167,37,115,85,26,126,90,189,46,19,9,71,28,57,48,52,43,37,13,18,74,8,87,75,58,1588
"G040 Рамка 3-ная ""ARTGALLERY"" шампань GAL0503 (5)",300200823_,GAL000503,5,,,,,,,,10,89,12,49,44,9,77,20,54,27,15,-3,24,15,12,15,30,29,18,2,1,32,4,15,26,15,641
"G041 Рамка 4-ная ""ARTGALLERY"" шампань GAL0504 (5)",300200824_,GAL000504,5,,,,,,,,5,45,5,17,19,4,27,14,23,4,6,-33,9,2,14,7,20,6,11,7,1,13,,12,14,7,259
"G042 Рамка 5-ная ""ARTGALLERY"" шампань GAL0505 (5)",300200825_,GAL000505,5,,,,,,,,2,27,,10,7,6,4,-7,7,,,-3,-8,2,,2,2,1,1,-9,,2,,1,2,,49
"G043 Переключ. 2 кл механизм ""ARTGALLERY"" шампань GAL0565 (10)",300200826_,GAL000565,10,,,,,,,,10,39,10,10,37,,34,8,53,6,50,10,5,-3,7,5,14,6,4,-6,11,27,,14,11,1,363
"G044 Выкл. 1 кл кнопочный 10А механизм ""ARTGALLERY"" шампань GAL0515 (5)",300200827_,GAL000515,5,,,,,,,,,10,,,,5,,5,,5,1,,-9,,,,,,,-6,,,,,,,11
"G045 Вывод кабеля механизм ""ARTGALLERY"" шампань GAL0599 (5)",300200828_,GAL000599,5,,,,,,,,,11,1,10,4,,7,5,31,3,,,-4,-3,,8,,,,-5,,2,1,,2,,73
"G046 Роз. 2-ная TV комп. RJ45 5Е ""ARTGALLERY"" шампань GAL0589 (5)",300200829_,GAL000589,5,,,,,,,,,30,,10,,,,-10,,,,-10,-10,,,,,,,-9,,,,,,,1
"G047 Роз. USB A+C 45Вт высокоскор.заряд., механизм ""ARTGALLERY"" шампань GAL0529 (1)",300200830_,GAL000529,1,,,,,,,,,2,2,,2,,,3,,,,,2,,,,2,,,,,,,,1,,14
"G048 Диммер поворотно-нажимной механизм 400Вт ""ARTGALLERY"" шампань GAL0523 (1)",300200831_,GAL000523,1,,,,,,,,,,,,,,,,,,,,,,,1,,,,,,11,,,,,12
"G049 Роз. с з/к с/ш с крышкой 16А механизм IP20 ""ARTGALLERY"" шампань GAL0546 (10)",300200832_,GAL000546,10,,,,,,,,5,23,20,29,11,6,20,7,4,6,2,-11,-3,,,,14,,7,4,,8,1,,22,,175
"G050 Выкл. 1 кл 10А ""ARTGALLERY"" лотос GAL1311 (5)",300200833_,GAL001311,5,,,,,,,,14,193,30,82,28,20,39,,14,9,40,-2,-8,-6,11,5,9,17,3,26,,28,18,11,24,15,620
"G051 Выкл. 1 кл с инд 10А механизм ""ARTGALLERY"" лотос GAL1313 (5)",300200834_,GAL001313,5,,,,,,,,,30,30,20,7,6,,1,10,28,,-7,4,-4,,,4,3,,-15,,2,,,,,119
"G052 Выкл. 2 кл 10А механизм ""ARTGALLERY"" лотос GAL1351 (5)",300200835_,GAL001351,5,,,,,,,,,13,74,77,31,20,52,-1,71,30,35,-5,7,2,5,,4,7,3,36,2,12,25,7,15,7,529
"G053 Выкл. 2 кл с инд 10А механизм ""ARTGALLERY"" лотос GAL1353 (5)",300200836_,GAL001353,5,,,,,,,,5,32,20,34,1,5,,,20,11,,-10,-4,-5,,,,,,-9,,2,,,3,1,106
"G054 Диммер поворотно-нажимной механизм 400Вт ""ARTGALLERY"" лотос GAL1323 (1)",300200837_,GAL001323,1,,,,,,,,,,,,,2,,,,,1,,,,,,,,,,,,,,,1,4
"G055 Роз. комп. RJ45 6A механизм ""ARTGALLERY"" лотос GAL1386 (5)",300200838_,GAL001386,5,,,,,,,,,,11,9,17,8,21,-7,10,9,10,3,7,,1,4,1,5,1,29,,2,3,1,18,,163
"G056 Переключ. 1 кл механизм ""ARTGALLERY"" лотос GAL1361 (5)",300200839_,GAL001361,5,,,,,,,,,1,20,32,11,10,20,-4,27,4,34,-1,2,1,,6,4,,8,-7,,7,4,8,8,4,199
"G057 Перекрест. переключ. 1 кл ""ARTGALLERY"" лотос GAL1371 (5)",300200840_,GAL001371,5,,,,,,,,5,40,10,12,,,3,-7,17,,2,-9,-5,-5,,,,1,,-7,,2,1,,20,,80
"G058 Роз. 2-ная комп. RJ45+RJ45 6A механизм ""ARTGALLERY"" лотос GAL1388 (1)",300200841_,GAL001388,1,,,,,,,,3,3,,2,,6,2,,,,,,-2,,,,,,,,8,3,,,,,25
"G059 Роз. с з/к 16А механизм ""ARTGALLERY"" лотос GAL1343 (5)",300200842_,GAL001343,5,,,,,,,,10,389,124,558,270,325,236,167,674,224,229,-23,120,6,,105,78,90,25,154,3,120,116,32,177,81,4290
"G060 Роз. с з/к с/ш 16А механизм ""ARTGALLERY"" лотос GAL1345 (5)",300200843_,GAL001345,5,,,,,,,,14,137,15,5,85,76,10,2,41,,12,4,-21,-10,48,,,,,,15,,,21,16,,470
"G061 Роз. с з/к с/ш с крышкой 16А механизм IP20 ""ARTGALLERY"" лотос GAL1346 (5)",300200844_,GAL001346,5,,,,,,,,,20,20,9,23,13,12,10,16,2,10,,-3,3,,5,,,,1,2,4,1,1,8,3,160
"G062 Роз. TV оконечная механизм ""ARTGALLERY"" лотос GAL1391 (5)",300200845_,GAL001391,5,,,,,,,,5,43,1,5,3,,3,-10,1,,,-23,-2,-5,4,,,,,-3,,,3,,,,25
"G063 Рамка 1-ная ""ARTGALLERY"" лотос GAL1301 (10)",300200846_,GAL001301,10,,,,,,,,,251,263,623,137,175,108,96,11,60,100,-234,18,-22,22,8,64,80,18,-9,5,51,89,28,96,54,2092
"G064 Рамка 2-ная ""ARTGALLERY"" лотос GAL1302 (5)",300200847_,GAL001302,5,,,,,,,,30,171,33,132,80,95,62,-21,70,36,46,5,26,-8,12,,8,30,11,45,,38,28,5,47,17,998
"G065 Рамка 3-ная ""ARTGALLERY"" лотос GAL1303 (5)",300200848_,GAL001303,5,,,,,,,,20,88,18,55,49,30,14,-7,42,8,23,4,23,-10,2,,6,6,1,39,2,16,3,9,15,11,467
"G066 Рамка 4-ная ""ARTGALLERY"" лотос GAL1304 (5)",300200849_,GAL001304,5,,,,,,,,10,51,10,21,5,15,17,-2,15,3,18,-6,,,5,1,,2,1,16,1,6,3,1,11,,204
"G067 Рамка 5-ная ""ARTGALLERY"" лотос GAL1305 (5)",300200850_,GAL001305,5,,,,,,,,10,35,10,12,3,3,,-9,5,2,6,-3,-9,-10,,,,,2,-7,,,,,1,,51
"G068 Переключ. 2 кл механизм ""ARTGALLERY"" лотос GAL1365 (5)",300200851_,GAL001365,5,,,,,,,,,,,,46,13,16,6,31,26,13,6,4,2,1,,,4,9,-1,,3,7,5,20,4,215
"G069 Выкл. 1 кл кнопочный 10А механизм ""ARTGALLERY"" лотос GAL1315 (5)",300200852_,GAL001315,5,,,,,,,,6,20,10,,,5,,,,6,-5,3,-10,-5,5,15,5,,,-5,,,,,,,50
"G070 Вывод кабеля механизм ""ARTGALLERY"" лотос GAL1399 (5)",300200853_,GAL001399,5,,,,,,,,5,11,,20,1,6,2,4,8,,8,1,-3,-1,5,,,,,-6,,1,,,22,,84
"G071 Роз. 2-ная TV комп. RJ45 5Е ""ARTGALLERY"" лотос GAL1389 (5)",300200854_,GAL001389,5,,,,,,,,6,25,,6,3,,5,-10,5,,1,-10,-5,-5,,,,,,-1,,,,,,,20
"G072 Роз. USB A+C 45Вт высокоскор.заряд., механизм ""ARTGALLERY"" лотос GAL1329 (1)",300200855_,GAL001329,1,,,,,,,,,,,1,,6,3,,,,4,,,,,,,,,,,,,,,,14
"G073 Роз. с з/к 16А механизм ""ARTGALLERY"" карбон GAL1043 (5)",300200856_,GAL001043,5,,,,,,,,14,627,197,379,662,293,690,1011,337,226,275,185,100,193,88,249,124,91,75,-51,34,246,276,496,-7,241,7051
"G074 Выкл. 1 кл 10А ""ARTGALLERY"" карбон GAL1011 (5)",300200857_,GAL001011,5,,,,,,,,14,211,36,148,92,46,75,72,155,55,62,33,15,60,7,39,24,13,13,-39,9,47,79,135,10,40,1451
"G075 Выкл. 1 кл с инд 10А механизм ""ARTGALLERY"" карбон GAL1013 (5)",300200858_,GAL001013,5,,,,,,,,10,21,17,10,2,3,27,20,10,1,,4,6,-8,-8,,,,,-12,,,,,,3,106
"G076 Выкл. 2 кл 10А механизм ""ARTGALLERY"" карбон GAL1051 (5)",300200859_,GAL001051,5,,,,,,,,10,226,97,37,102,39,95,59,120,12,35,43,-11,31,37,40,14,19,7,-12,7,16,60,55,9,27,1174
"G077 Выкл. 2 кл с инд 10А механизм ""ARTGALLERY"" карбон GAL1053 (5)",300200860_,GAL001053,5,,,,,,,,5,24,20,30,,12,11,5,10,,,10,-5,2,-8,,,,,-16,,10,,,,1,111
"G078 Роз. комп. RJ45 6A механизм ""ARTGALLERY"" карбон GAL1086 (5)",300200861_,GAL001086,5,,,,,,,,,,18,8,17,24,38,28,9,5,32,12,7,15,7,14,22,2,13,-12,3,56,18,35,2,17,390
"G079 Переключ. 1 кл механизм ""ARTGALLERY"" карбон GAL1061 (5)",300200862_,GAL001061,5,,,,,,,,5,83,22,29,10,28,48,31,35,15,32,16,-7,11,-9,8,22,,2,-7,,4,23,45,10,17,473
"G080 Перекрест. переключ. 1 кл ""ARTGALLERY"" карбон GAL1071 (5)",300200863_,GAL001071,5,,,,,,,,,26,25,13,6,6,23,-3,8,2,19,,-5,1,-3,7,,,3,-13,,,7,18,2,3,145
"G081 Роз. 2-ная комп. RJ45+RJ45 6A механизм ""ARTGALLERY"" карбон GAL1088 (1)",300200864_,GAL001088,1,,,,,,,,3,7,19,,12,,,1,,2,2,,-3,-3,,2,,,1,,,,,1,,1,45
"G082 Роз. с з/к с/ш 16А механизм ""ARTGALLERY"" карбон GAL1045 (5)",300200865_,GAL001045,5,,,,,,,,10,138,20,,1,2,3,,37,60,70,19,-56,9,107,7,,,,7,,,92,138,4,65,733
"G083 Роз. с з/к с/ш с крышкой 16А механизм IP20 ""ARTGALLERY"" карбон GAL1046 (5)",300200866_,GAL001046,5,,,,,,,,,30,17,15,7,2,13,26,,,1,,-8,2,-4,,,,,-7,,,,7,3,,104
"G084 Роз. TV оконечная механизм ""ARTGALLERY"" карбон GAL1091 (5)",300200867_,GAL001091,5,,,,,,,,,,20,8,4,,4,7,5,3,10,,,-6,-3,1,1,,,-8,,,,4,,,50
"G085 Рамка 1-ная ""ARTGALLERY"" карбон GAL1001 (10)",300200868_,GAL001001,10,,,,,,,,34,402,117,236,197,168,279,220,271,113,152,66,39,136,163,138,32,22,25,-61,49,88,164,259,12,59,3380
"G086 Рамка 2-ная ""ARTGALLERY"" карбон GAL1002 (5)",300200869_,GAL001002,5,,,,,,,,30,204,61,102,137,113,180,138,141,50,90,71,29,38,15,104,47,23,28,-25,7,65,126,137,,55,1966
"G087 Рамка 3-ная ""ARTGALLERY"" карбон GAL1003 (5)",300200870_,GAL001003,5,,,,,,,,20,125,35,67,63,38,80,54,57,30,39,18,11,,29,41,13,9,5,-15,8,26,36,99,2,39,929
"G088 Рамка 4-ная ""ARTGALLERY"" карбон GAL1004 (5)",300200871_,GAL001004,5,,,,,,,,10,66,16,15,32,9,40,13,12,2,23,14,-3,3,4,22,14,5,2,-8,,9,11,34,,18,363
"G089 Рамка 5-ная ""ARTGALLERY"" карбон GAL1005 (5)",300200872_,GAL001005,5,,,,,,,,10,35,10,21,7,5,12,-8,,2,10,1,-5,-10,-3,1,1,2,2,-10,,,,11,,2,96
G090 Переключ. 2 кл механизм карбон GAL1065 (5),300200873_,GAL001065,5,,,,,,,,5,71,69,4,45,26,47,13,24,7,110,9,9,1,22,19,20,2,4,-8,2,10,15,54,3,11,594
"G091 Диммер поворотно-нажимной механизм 400Вт ""ARTGALLERY"" карбон GAL1023 (1)",300200874_,GAL001023,1,,,,,,,,,,,,,,,,,,,,,,,1,,,,,,,,,,,1
"G092 Роз. с з/к с/ш с крышкой 16А механизм IP44 ""ARTGALLERY"" карбон GAL441046 (5)",300200875_,GAL441046,5,,,,,,,,,32,4,4,26,,7,6,1,5,9,,10,2,2,4,,,,,1,10,,13,4,,140
"G093 Рамка 1-ная IP44 ""ARTGALLERY"" карбон GAL441001 (5)",300200876_,GAL441001,5,,,,,,,,,,,,3,,1,,1,6,,,,,,,,,,,,,,3,,4,18
"G094 Рамка 2-ная IP44 ""ARTGALLERY"" карбон GAL441002 (5)",300200877_,GAL441002,5,,,,,,,,,,,,,,,,,,,,,1,,,,,,,,,,1,1,,3
"G095 Выкл. 1 кл кнопочный 10А механизм ""ARTGALLERY"" карбон GAL1015 (5)",300200878_,GAL001015,5,,,,,,,,,,,,,5,,,,,8,,1,22,,,,,,1,,,,2,,,39
"G096 Вывод кабеля механизм ""ARTGALLERY"" карбон    GAL1099 (5)",300200879_,GAL001099,5,,,,,,,,5,30,11,10,9,3,6,2,2,1,5,2,3,-5,4,3,3,,2,,,,2,14,4,,116
"G097 Роз. 2-ная TV комп. RJ45 5Е ""ARTGALLERY"" карбон GAL1089 (5)",300200880_,GAL001089,5,,,,,,,,,4,19,15,,,10,-5,2,,,,,-2,-5,,,3,,-10,,,,,,,31
"G098 Роз. USB A+C 45Вт высокоскор.заряд., механизм ""ARTGALLERY"" карбон GAL1029 (1)",300200881_,GAL001029,1,,,,,,,,,,,3,,2,7,,,7,2,1,3,,2,,1,,,,,,,3,,3,34
"G099 Рамка 1-ная ""ARTGALLERY"" золото GAL1601 (5)",300200882_,GAL001601,10,,,,,,,,14,21,33,35,,13,16,4,36,29,,,,-10,,,1,,,1,,,,4,38,,235
"G100 Рамка 2-ная ""ARTGALLERY"" золото GAL1602 (5)",300200883_,GAL001602,5,,,,,,,,10,21,26,3,,4,4,,4,34,3,,,-10,2,,,,,,,,,,14,,115
"G101 Рамка 3-ная ""ARTGALLERY"" золото GAL1603 (5)",300200884_,GAL001603,5,,,,,,,,10,,9,,,3,2,,10,3,,,,-10,,,,,,,,,,1,3,,31
"G102 Рамка 4-ная ""ARTGALLERY"" золото GAL1604 (5)",300200885_,GAL001604,5,,,,,,,,10,2,10,,,,,,2,3,,,,-10,,,,,,,,,,1,,,18
"G103 Рамка 5-ная ""ARTGALLERY"" золото GAL1605 (5)",300200886_,GAL001605,5,,,,,,,,10,,,,,,,,1,1,,,,-10,,,,,,,,,,,,,2
"G104 Роз. с з/к 16А механизм ""ARTGALLERY"" сталь GAL0943 (5)",300200887_,GAL000943,5,,,,,,,,4,87,35,62,27,35,19,10,3,,105,2,122,,69,84,33,77,39,34,,64,50,68,1,,1030
"G105 Выкл. 1 кл 10А ""ARTGALLERY"" сталь GAL0911 (5)",300200888_,GAL000911,5,,,,,,,,,,16,23,7,10,24,1,,,10,,1,,12,20,4,7,9,28,2,10,10,4,,20,218
"G106 Выкл. 1 кл с инд механизм ""ARTGALLERY"" сталь GAL0913 (5)",300200889_,GAL000913,5,,,,,,,,,5,1,,,,,,,,,,,,,,1,,,,,,,,,,7
"G107 Выкл. 2 кл 10А механизм ""ARTGALLERY"" сталь GAL0951 (5)",300200890_,GAL000951,5,,,,,,,,,24,20,24,7,2,4,,,1,6,,,,10,10,6,9,8,11,,8,4,2,,24,180
"G109 Роз. комп. RJ45 6A механизм ""ARTGALLERY"" сталь GAL0986 (5)",300200892_,GAL000986,5,,,,,,,,,10,10,8,,3,,,,,8,,7,,4,2,1,4,2,2,,,2,,,5,68
"G110 Переключ. 1 кл механизм ""ARTGALLERY"" сталь GAL0961 (5)",300200893_,GAL000961,5,,,,,,,,,10,14,4,4,4,,,,,3,,2,,2,4,,8,,,2,4,,,1,4,66
"G111 Перекрест. переключ. 1 кл ""ARTGALLERY"" сталь GAL0971 (5)",300200894_,GAL000971,5,,,,,,,,,,,1,,5,,,,,2,,,,,2,3,,,,,,,,,5,18
"G112 Роз. 2-ная комп. RJ45+RJ45 6А механизм ""ARTGALLERY"" сталь GAL0988 (1)",300200895_,GAL000988,1,,,,,,,,,,12,,3,,,,,,,,,,,,,6,,,,,,,,,21
"G113 Роз. с з/к с/ш 16А механизм ""ARTGALLERY"" сталь GAL0945 (5)",300200896_,GAL000945,5,,,,,,,,,10,12,57,,,21,,,,,,,,,,,7,,,,,,,,103,210
"G114 Роз. TV оконечная механизм ""ARTGALLERY"" сталь GAL0991 (5)",300200897_,GAL000991,5,,,,,,,,,11,,3,,,,,,,,,,,,1,,,,,,,,,,,15
"G115 Рамка 1-ная ""ARTGALLERY"" сталь GAL0901 (10)",300200898_,GAL000901,10,,,,,,,,4,42,15,44,18,25,28,-15,6,1,11,1,19,7,23,15,36,59,26,70,2,23,16,29,1,73,579
"G116 Рамка 2-ная ""ARTGALLERY"" сталь GAL0902 (5)",300200899_,GAL000902,5,,,,,,,,,29,12,28,7,10,11,-1,24,,25,,45,5,23,12,24,25,8,19,,20,11,22,1,22,382
"G117 Рамка 3-ная ""ARTGALLERY"" сталь GAL0903 (5)",300200900_,GAL000903,5,,,,,,,,,13,15,12,2,6,13,-1,3,,5,,,,8,7,6,6,4,4,,3,4,2,,14,126
"G118 Рамка 4-ная ""ARTGALLERY"" сталь GAL0904 (5)",300200901_,GAL000904,5,,,,,,,,,11,11,5,5,1,,,1,,12,,5,,1,2,2,1,,2,,3,,,,2,64
"G119 Рамка 5-ная ""ARTGALLERY"" сталь GAL0905 (5)",300200902_,GAL000905,5,,,,,,,,,11,10,,,3,1,-1,,,,,,,,1,,2,,,,,,,,,27
"G120 Переключ. 2 кл механизм ""ARTGALLERY"" сталь GAL0965 (5)",300200903_,GAL000965,5,,,,,,,,,10,10,2,8,6,,,,,8,1,,,,2,2,,,2,,,,,,2,53
"G121 Выкл. 1 кл кнопочный 10А механизм ""ARTGALLERY"" сталь GAL0915 (5)",300200904_,GAL000915,5,,,,,,,,,,,,,,,,,,,,,,,,3,,,,,,,,1,,4
"G122 Вывод кабеля механизм ""ARTGALLERY"" сталь    GAL0999 (5)",300200905_,GAL000999,5,,,,,,,,,,,,2,,,,,,8,,,,,2,,,,2,,,,,,,14
"G123 Роз. 2-ная TV комп. RJ45 5Е ""ARTGALLERY"" сталь GAL0989 (5)",300200906_,GAL000989,5,,,,,,,,,,,,,,1,,,,,,,,,,,,,,,,,,,,1
"G124 Роз. USB A+C 45Вт высокоскор.заряд., механизм ""ARTGALLERY"" сталь GAL0929 (1)",300200907_,GAL000929,1,,,,,,,,,,2,2,2,,,,,,,,,,,,,,,,,,,,,,6
"G125 Диммер поворотно-нажимной механизм 400Вт ""ARTGALLERY"" сталь GAL0923 (1)",300200908_,GAL000923,1,,,,,,,,,,,,,,,,,,,,,,,,,,,8,,,,,,,8
"G126 Роз. с з/к с/ш с крышкой 16А механизм IP20 ""ARTGALLERY"" сталь GAL0946 (5)",300200909_,GAL000946,5,,,,,,,,,10,10,3,2,,,,,,2,,1,,,4,,,,4,,,,,,,36
"G127 Роз. с з/к 16А механизм ""ARTGALLERY"" мокко GAL0643 (10)",300200910_,GAL000643,10,,,,,,,,24,224,43,121,71,185,129,187,303,10,135,270,287,46,218,139,88,4,130,11,66,93,138,42,9,50,3023
"G128 Роз. с з/к с/ш 16А механизм ""ARTGALLERY"" мокко GAL0645 (10)",300200911_,GAL000645,10,,,,,,,,,10,10,,,,,1,,,,,75,,9,,,,,,,,3,,,,108
"G129 Выкл. 1 кл 10А ""ARTGALLERY"" мокко GAL0611 (10)",300200912_,GAL000611,10,,,,,,,,24,37,15,58,25,13,16,37,11,,9,,90,-17,39,13,6,1,28,-10,5,29,20,11,,11,471
"G130 Выкл. 1 кл с инд 10А механизм ""ARTGALLERY"" мокко GAL0613 (10)",300200913_,GAL000613,10,,,,,,,,10,10,10,20,,,,1,,,,,,-10,,,,,,-17,,,4,,6,,34
"G131 Выкл. 2 кл 10А механизм ""ARTGALLERY"" мокко GAL0651 (10)",300200914_,GAL000651,10,,,,,,,,20,58,15,34,8,39,28,16,46,,,,41,2,35,36,4,,10,-4,15,12,27,4,,4,450
"G132 Выкл. 2 кл с инд 10А механизм ""ARTGALLERY"" мокко GAL0653 (10)",300200915_,GAL000653,10,,,,,,,,10,10,10,20,,,,,,,,,,-10,1,,,,,-18,,,,,,,23
"G133 Роз. комп. RJ45 6A механизм, ""ARTGALLERY"" мокко GAL0686 (5)",300200916_,GAL000686,5,,,,,,,,6,11,12,12,,6,,1,6,,3,,30,-5,7,,,,11,-3,17,8,6,,,3,131
"G134 Переключ. 1 кл механизм ""ARTGALLERY"" мокко GAL0661 (10)",300200917_,GAL000661,10,,,,,,,,10,14,10,10,2,14,,11,20,,10,,33,-10,10,10,4,,5,-8,2,,14,,4,,165
"G135 Перекрест. переключ. 1 кл ""ARTGALLERY"" мокко GAL0671 (5)",300200918_,GAL000671,5,,,,,,,,5,13,10,,,3,,,,,,2,6,-5,2,2,,,3,,,,4,,,,45
"G136 Роз. 2-ная комп. RJ45+RJ45 6А механизм ""ARTGALLERY"" мокко GAL0688 (1)",300200919_,GAL000688,1,,,,,,,,3,,,,,5,,,,,1,,,-3,,,,,,4,6,3,,,,,19
"G137 Роз. TV оконечная механизм ""ARTGALLERY"" мокко GAL0691 (5)",300200920_,GAL000691,5,,,,,,,,5,12,,7,,1,14,,,,,5,3,-5,3,1,1,,,-5,,,,,1,,43
"G138 Рамка 1-ная ""ARTGALLERY"" мокко GAL0601 (20)",300200921_,GAL000601,20,,,,,,,,34,81,48,158,92,81,73,63,133,20,98,35,277,15,117,27,70,5,73,-28,28,29,91,10,14,32,1676
"G139 Рамка 2-ная ""ARTGALLERY"" мокко GAL0602 (10)",300200922_,GAL000602,10,,,,,,,,30,42,27,71,14,74,4,53,126,10,5,1,73,-15,56,15,2,,28,-10,23,22,71,16,3,32,773
"G140 Рамка 3-ная ""ARTGALLERY"" мокко GAL0603 (5)",300200923_,GAL000603,5,,,,,,,,20,27,25,23,2,20,31,16,41,6,3,55,27,-18,30,4,20,10,2,,2,,12,,4,17,379
"G141 Рамка 4-ная ""ARTGALLERY"" мокко GAL0604 (5)",300200924_,GAL000604,5,,,,,,,,10,12,14,10,3,3,4,5,2,3,2,,22,,9,,1,,10,-2,,2,9,2,,4,125
"G142 Рамка 5-ная ""ARTGALLERY"" мокко GAL0605 (5)",300200925_,GAL000605,5,,,,,,,,10,13,11,10,1,,,,,,1,,,-10,1,,,,6,-8,,,,,,,35
"G143 Переключ. 2 кл механизм ""ARTGALLERY"" мокко GAL0665 (10)",300200926_,GAL000665,10,,,,,,,,10,13,,10,1,31,3,11,36,,15,5,11,-10,16,,,,,-9,,12,26,2,,10,193
"G144 Выкл. 1 кл кнопочный 10А механизм ""ARTGALLERY"" мокко GAL0615 (5)",300200927_,GAL000615,5,,,,,,,,6,,1,10,,,,,,,,,,-5,12,,,,20,-8,,,,,,,36
"G145 Вывод кабеля механизм ""ARTGALLERY"" мокко GAL0699 (5)",300200928_,GAL000699,5,,,,,,,,,,,3,,10,,2,2,,,,,,1,,,,,-4,,1,,,2,4,21
"G146 Роз. 2-ная TV комп. RJ45 5Е ""ARTGALLERY"" мокко GAL0689 (5)",300200929_,GAL000689,5,,,,,,,,6,2,,10,,1,,,,,1,,,-5,,,,,,-9,,,,,,,6
"G147 Роз. USB A+C 45Вт высокоскор.заряд., механизм ""ARTGALLERY"" мокко GAL0629 (1)",300200930_,GAL000629,1,,,,,,,,,9,,,,,2,,,,,,,,,1,,,,,,,7,,,,19
"G148 Диммер поворотно-нажимной механизм 400Вт ""ARTGALLERY"" мокко GAL0623 (1)",300200931_,GAL000623,1,,,,,,,,3,,,,,,,,,,,,,,,,,,,,,,,,6,,9
"G149 Роз. с з/к с/ш с крышкой 16А механизм IP20 ""ARTGALLERY"" мокко GAL0646 (10)",300200932_,GAL000646,10,,,,,,,,10,10,10,,,15,,5,47,,3,,,-10,2,,,,2,-5,,,,,,,89
"G150 Роз. с з/к 16А механизм ""ARTGALLERY"" базальт GAL1443 (5)",300200933_,GAL001443,5,,,,,,,,4,106,38,252,193,243,219,254,432,69,78,111,156,144,32,17,20,45,45,41,170,65,151,108,211,44,3248
"G151 Выкл. 1 кл 10А ""ARTGALLERY"" базальт GAL1411 (5)",300200934_,GAL001411,5,,,,,,,,4,45,24,40,25,30,17,49,48,6,5,36,38,38,15,6,16,14,5,4,30,15,15,25,61,,611
"G152 Выкл. 1 кл с инд 10А механизм ""ARTGALLERY"" базальт GAL1413 (5)",300200935_,GAL001413,5,,,,,,,,,10,10,3,1,16,3,,,,,,,,,,,,,,,,,,2,,45
"G153 Выкл. 2 кл 10А механизм ""ARTGALLERY"" базальт GAL1451 (5)",300200936_,GAL001451,5,,,,,,,,,26,18,79,21,1,37,77,29,8,36,22,16,17,13,2,1,17,4,6,29,11,21,4,22,1,518
"G154 Выкл. 2 кл с инд 10А механизм ""ARTGALLERY"" базальт GAL1453 (5)",300200937_,GAL001453,5,,,,,,,,,11,10,1,,18,10,,,,,,,,,,,,,,,,,,1,,51
"G155 Роз. комп. RJ45 6A механизм ""ARTGALLERY"" базальт GAL1486 (5)",300200938_,GAL001486,5,,,,,,,,,,4,5,5,21,11,4,16,,,5,12,7,2,,,7,2,4,3,,10,,10,,128
"G156 Переключ. 1 кл механизм ""ARTGALLERY"" базальт GAL1461 (5)",300200939_,GAL001461,5,,,,,,,,,14,10,11,4,1,,20,,,27,9,14,9,4,3,,12,3,2,2,2,8,,19,2,176
"G157 Перекрест. переключ. 1 кл ""ARTGALLERY"" базальт GAL1471 (5)",300200940_,GAL001471,5,,,,,,,,,10,10,4,,,2,6,1,,,,3,,,2,,,6,,,,2,,4,,50
"G158 Роз. 2-ная комп. RJ45+RJ45 6A механизм ""ARTGALLERY"" базальт GAL1488 (1)",300200941_,GAL001488,1,,,,,,,,,,2,,,3,2,,,,,1,,,,,2,,18,,,,,,,,28
"G159 Роз. с з/к с/ш 16А механизм ""ARTGALLERY"" базальт GAL1445 (5)",300200942_,GAL001445,5,,,,,,,,,10,76,35,,116,20,,29,,,65,,,2,2,100,80,,,,,54,4,20,,613
"G160 Роз. с з/к с/ш с крышкой 16А механизм IP20 ""ARTGALLERY"" базальт GAL1446 (5)",300200943_,GAL001446,5,,,,,,,,,11,12,11,17,,2,,10,2,5,7,2,6,4,2,,,,,11,,4,,8,,114
"G161 Роз. TV оконечная 1DB механизм ""ARTGALLERY"" базальт GAL1491 (5)",300200944_,GAL001491,5,,,,,,,,,10,,,,3,,,,,,1,,2,,,,4,1,,,,,,,,21
"G162 Рамка 1-ная ""ARTGALLERY"" базальт GAL1401 (10)",300200945_,GAL001401,10,,,,,,,,,49,72,149,76,68,86,113,172,30,44,61,60,95,50,57,27,52,5,10,51,17,105,27,103,19,1598
"G163 Рамка 2-ная ""ARTGALLERY"" базальт GAL1402 (5)",300200946_,GAL001402,5,,,,,,,,,31,33,93,48,89,56,71,101,23,25,40,40,43,12,,58,25,15,11,27,17,32,24,79,4,997
"G164 Рамка 3-ная ""ARTGALLERY"" базальт GAL1403 (5)",300200947_,GAL001403,5,,,,,,,,,17,24,21,31,41,25,42,33,7,9,29,25,10,3,1,3,13,6,3,11,16,13,17,25,4,429
"G165 Рамка 4-ная ""ARTGALLERY"" базальт GAL1404 (5)",300200948_,GAL001404,5,,,,,,,,,12,12,11,6,17,9,10,4,,2,9,7,3,4,,1,8,1,3,7,,17,5,8,,156
"G166 Рамка 5-ная ""ARTGALLERY"" базальт GAL1405 (5)",300200949_,GAL001405,5,,,,,,,,,12,10,3,,2,1,1,,,,2,,,,,1,,1,,4,,1,,5,,43
"G167 Переключ. 2 кл механизм ""ARTGALLERY"" базальт GAL1465 (5)",300200950_,GAL001465,5,,,,,,,,,10,13,5,4,3,6,9,40,1,2,16,4,5,5,9,,8,,,6,2,10,,3,,161
"G168 Диммер поворотно-нажимной механизм 400Вт ""ARTGALLERY"" базальт GAL1423 (1)",300200951_,GAL001423,1,,,,,,,,,,,,,,,3,,,,,,5,,1,,1,,,,,,,,,10
"G169 Выкл. 1 кл кнопочный 10А механизм ""ARTGALLERY"" базальт GAL1415 (5)",300200952_,GAL001415,5,,,,,,,,,,,,,4,,,8,,,,,,,,,,,2,7,,1,,,,22
"G170 Вывод кабеля механизм ""ARTGALLERY"" базальт GAL1499 (5)",300200953_,GAL001499,5,,,,,,,,,,3,3,,10,,,1,,3,,,,4,,,2,2,,11,1,4,2,,,46
"G171 Роз. 2-ная TV комп. RJ45 5Е ""ARTGALLERY"" базальт GAL1489 (5)",300200954_,GAL001489,5,,,,,,,,,1,,,,18,1,,,,,2,,,,,,,,,,7,,,,,29
"G172 Роз. USB A+C 45Вт высокоскор.заряд., механизм ""ARTGALLERY"" базальт GAL1429 (1)",300200955_,GAL001429,1,,,,,,,,,4,,,,,,,,,,2,,,,,,,,,,,,,2,,8
"G384 Выкл 1 кл 10А с/у ""ATLAS"" жемчуг ATN412 (10)",300200371_,ATN000412,10,,21,87,24,58,24,36,36,8,15,42,-5,6,8,27,5,7,12,30,67,23,6,27,13,6,5,15,6,3,20,20,25,1,678
"G385 Выкл 1 кл с инд 10А с/у б/рамки ""ATLAS"" жемчуг ATN413 (10)",300200420_,ATN000413,10,,,22,-21,,,5,4,10,10,12,-13,3,,3,40,4,3,,1,10,3,6,7,,,,5,,20,,,1,135
"G386 Выкл 2 кл 10А с/у ""ATLAS"" жемчуг ATN452 (10)",300200375_,ATN000452,10,,61,49,-18,36,21,13,67,44,27,73,40,10,32,108,15,21,23,11,26,39,23,22,16,19,11,41,18,22,39,10,25,14,958
"G387 Выкл 2 кл с инд 10А с/у б/рамки ""ATLAS"" жемчуг ATN453 (10)",300200422_,ATN000453,10,,,10,-13,10,1,7,2,13,,10,-6,,,,7,1,2,,4,,3,2,2,,,,3,,23,1,,2,84
"G388 Выкл 3 кл 10А с/у б/рамки ""ATLAS"" жемчуг ATN431 (10)",300200363_,ATN000431,10,,,20,-4,22,11,7,13,14,14,13,-2,,2,12,1,1,11,,,,10,,,1,1,,2,2,3,,1,1,156
"G390 Комп. роз. RJ45 5Е механизм б/рамки ""ATLAS"" жемчуг ATN483 (10)",300200368_,ATN000483,5,,2,23,37,31,32,17,27,25,10,78,-20,4,10,23,16,7,19,5,20,15,7,6,3,4,3,8,2,14,4,1,1,2,436
"G391 Переключ. 1 кл 10А с/у б/рамки ""ATLAS"" жемчуг ATN461 (10)",300200367_,ATN000461,10,,42,47,11,29,36,7,36,26,9,4,1,6,8,24,18,,43,12,21,23,3,3,,2,,,7,24,,6,,,448
"G392 Переключ. 1 кл с инд 10А с/у б/рамки  ""ATLAS"" жемчуг ATN463 (10)",300200426_,ATN000463,10,,4,,,,2,5,,,,,2,,,,2,,,1,,,,,,,,,,,,,,6,22
"G393 Перекрест.переключ. 1 кл 10А с/у б/рамки ""ATLAS"" жемчуг ATN471 (5)",300200424_,ATN000471,5,4,1,20,10,2,1,,2,10,4,,-18,1,,,8,,1,,,1,,3,1,,,,1,1,,,,,53
"G394 Роз. 2-ная с/у 16А ""ATLAS"" жемчуг ATN420 (6)",300200372_,ATN000420,6,,135,33,-27,26,16,103,32,66,52,22,-2,26,20,3,17,12,36,61,25,53,2,,23,2,,,10,30,26,14,5,,821
"G395 Роз. 2-ная с/у 16А с з/к з/ш ""ATLAS"" жемчуг ATN426 (6)",300200373_,ATN000426,6,,115,20,-80,27,26,24,17,19,85,82,29,33,25,64,-2,7,15,2,3,7,17,,1,25,15,,39,4,40,19,-1,2,679
"G397 Роз. RJ45+RJ45 5Е кат 5Е механизм б/рамки ""ATLAS"" жемчуг ATN485 (10)",300200418_,ATN000485,10,,,10,10,,,,4,,1,31,-20,,,,2,,,4,,11,,1,2,1,,,,,,,,,57
"G398 Роз. с з/к 16А с/у б/рамки ""ATLAS"" жемчуг ATN443 (10)",300200365_,ATN000443,10,,185,623,680,729,482,596,532,407,182,779,355,130,424,654,452,360,480,329,72,194,287,79,171,130,72,194,117,137,424,152,176,109,10693
"G3988 Роз. без з/к без с/ш 16А б/рамки ""ATLAS"" жемчуг ATN441 (10) NEW",300200364_,ATN000441,10,,,,3,30,34,115,34,123,25,26,71,33,7,32,23,,72,76,67,37,,39,3,6,,,29,,,,,,885
"G399 Роз. с з/к 16А с/у з/ш ""ATLAS"" жемчуг ATN444 (10)",300200374_,ATN000444,10,,35,,8,34,92,,26,22,1,7,9,3,,14,17,,,30,59,,2,100,12,,1,,2,50,,50,3,20,597
"G401 ТV роз. оконечная с/у б/рамки ""ATLAS"" жемчуг ATN491  (10)",300200370_,ATN000491,10,,,11,20,3,,,4,2,2,1,-7,2,1,5,2,,1,,3,1,,3,1,,,,,,,,2,,57
"G402 Телефонная роз. RJ11 механизм б/рамки ""ATLAS"" жемчуг ATN481 (10)",300200425_,ATN000481,5,2,,,,,,,,10,,,,,,,,,5,,1,,,,,,,,1,,,,,,19
"G404 USB розетка - 2 порта с/у б/рамки ""ATLAS"" жемчуг ATN433 (1) !!!",300200419_,ATN000433,1,,,,,,,,,,,,,,,1,,,,,,,2,,,,,,,,,,,,3
"G405 Рамка 1-ная ""ATLAS"" жемчуг  ATN401 (20)",300200376_,ATN000401,20,52,218,164,37,375,277,393,385,297,303,369,253,53,317,277,96,153,299,250,52,193,46,34,54,97,51,102,88,56,254,108,136,50,5889
"G406 Рамка 2-ная ""ATLAS"" жемчуг ATN402 (10)",300200377_,ATN000402,10,4,23,149,9,194,103,140,155,104,35,136,87,13,124,241,130,125,136,59,58,65,64,94,54,51,28,71,26,54,66,55,29,36,2718
"G407 Рамка 3-ная ""ATLAS"" жемчуг ATN403 (15)",300200378_,ATN000403,5,1,20,40,66,54,45,64,92,34,21,71,27,22,14,40,57,51,73,32,18,13,27,8,12,5,5,24,10,22,28,10,10,12,1028
"G408 Рамка 4-ная ""ATLAS"" жемчуг ATN404 (15)",300200379_,ATN000404,5,1,,15,35,45,16,25,21,35,29,46,3,6,11,21,5,30,21,3,15,5,23,6,4,4,5,8,2,9,14,2,1,,466
"G409 Рамка 5-ная ""ATLAS"" жемчуг ATN405 (5)",300200380_,ATN000405,5,,,14,10,11,,7,6,30,2,9,-16,4,,13,,2,,3,2,1,2,4,2,,1,,1,6,,1,,,115
"G414 Переключ. 2 кл 10А с/у б/рамки ""ATLAS"" жемчуг ATN465 (10)",300200421_,ATN000465,10,10,,31,24,49,3,13,24,17,4,19,-4,6,10,15,3,,28,4,1,7,2,,12,2,,5,5,4,9,,,1,304
"GLOSSA 2-клавишный ВЫКЛЮЧАТЕЛЬ, сх.5, 10АХ, механизм, БЕЛЫЙ",щщщ0116254,GSL000151,20,,3,-3,5,,,,4,,,,,,1,,,,,,,,,5,,,,,,,,,2,,17
"K001 Роз. с з/к 16А с/у б/рамки ""ATLAS"" СТАЛЬ ATN943 (5)",300200520_,ATN000943,5,,,178,48,195,259,630,485,287,444,157,161,95,135,30,195,64,35,120,53,514,209,139,389,42,267,95,48,163,6,125,111,138,5817
"K002 Выкл 1 кл 10А с/у ""ATLAS"" СТАЛЬ ATN912 (5) NEW",300200521_,ATN000912,5,,22,8,2,20,36,24,31,38,19,36,,22,12,11,,1,,52,2,6,5,3,59,8,15,18,,6,1,13,,9,479
"K003 Выкл 1 кл с инд 10А с/у б/рамки ""ATLAS"" СТАЛЬ ATN913 (5)",300200522_,ATN000913,5,,,,7,,,,,,,,,,,,,,,,,,1,,,,,,,,,,,1,9
"K004 Выкл 2 кл 10А с/у ""ATLAS"" СТАЛЬ ATN952 (5) NEW",300200523_,ATN000952,5,1,7,19,2,17,15,45,66,32,46,12,1,25,9,5,6,3,6,20,3,10,13,8,31,3,10,9,6,7,5,6,8,2,458
"K005 Выкл 2 кл с инд 10А с/у б/рамки ""ATLAS"" СТАЛЬ ATN953 (5)",300200524_,ATN000953,5,,,,,,8,,,5,7,2,,,,,,,,,,,4,,,5,,,1,,,,3,,35
"K006 Выкл 3 кл 10А с/у б/рамки ""ATLAS"" СТАЛЬ ATN931 (5)",300200525_,ATN000931,5,,,3,,1,2,,1,15,11,3,8,1,2,,,,,2,-1,,,,11,,1,1,,,2,,1,1,65
"K007 Комп. роз. RJ45 5Е механизм б/рамки ""ATLAS"" СТАЛЬ ATN983 (5)",300200526_,ATN000983,1,,12,8,3,9,13,24,23,26,15,10,4,6,1,,1,,1,7,5,45,5,14,28,1,21,11,6,16,7,7,10,7,346
"K008 Переключ. 1 кл 10А с/у б/рамки ""ATLAS"" СТАЛЬ ATN961 (5)",300200527_,ATN000961,5,,18,9,26,,14,33,22,24,16,18,,,4,,23,11,1,,,20,12,12,25,,,,1,2,,4,2,1,298
"K010 Перекрест.переключ. 1 кл 10А с/у б/рамки ""ATLAS"" СТАЛЬ ATN971 (2)",300200529_,ATN000971,1,,,,3,,8,6,5,10,10,15,,,,,,,,,,4,2,4,5,,,1,,,,,,,73
"K011 Роз. 2-ная с/у 16А ""ATLAS"" СТАЛЬ ATN920 (6)",300200530_,ATN000920,6,2,,,,,1,1,22,33,5,,,35,18,,10,,,11,,2,1,,,15,,,,2,,5,,,163
"K012 Роз. 2-ная с/у 16А с з/к з/ш ""ATLAS"" СТАЛЬ ATN926 (6)",300200531_,ATN000926,6,,,7,3,,10,6,35,10,13,34,5,20,1,,2,,20,,1,,14,35,4,,2,12,7,5,2,2,2,12,264
"K013 Роз. RJ45+RJ45 5Е кат 5Е механизм б/рамки ""ATLAS"" СТАЛЬ ATN985 (5)",300200532_,ATN000985,1,,,,1,,,2,6,,2,,,3,,,,,,,2,3,,1,,,8,,,,,1,1,,30
"K014 Роз. с з/к 16А с/у з/ш ""ATLAS"" СТАЛЬ ATN944 (5)",300200533_,ATN000944,5,,,10,1,,22,,16,,1,28,1,5,,,,,2,,,2,3,,,,,3,,,,1,,23,118
"K015 ТV роз. оконечная с/у б/рамки ""ATLAS"" СТАЛЬ ATN991(5)",300200534_,ATN000991,5,,6,1,,1,8,2,,1,4,1,,2,1,,2,,,,1,,3,,,,2,5,2,,,,3,,45
"K016 Телефонная роз. RJ11 механизм б/рамки ""ATLAS"" СТАЛЬ ATN981 (5)",300200535_,ATN000981,1,,,,,,2,,1,,,,,,,,,,,1,,15,,,,,,,,,,,,1,20
"K017 Рамка 1-ная ""ATLAS"" СТАЛЬ ATN901 (5)",300200536_,ATN000901,10,,,66,24,117,106,152,79,163,181,123,94,43,71,65,157,15,84,142,23,196,113,69,305,17,113,30,100,93,20,70,75,91,2997
"K018 Рамка 2-ная ""ATLAS"" СТАЛЬ ATN902 (5)",300200537_,ATN000902,5,,,56,15,56,130,144,65,94,129,60,12,15,15,42,29,22,43,26,3,37,38,50,90,15,42,37,8,46,1,40,37,24,1421
"K019 Рамка 3-ная ""ATLAS"" СТАЛЬ ATN903 (2)",300200538_,ATN000903,5,3,,6,7,28,86,42,59,46,49,28,15,8,5,15,8,13,6,21,9,15,11,24,32,1,13,6,5,21,6,14,12,16,630
"K020 Рамка 4-ная ""ATLAS"" СТАЛЬ ATN904 (2)",300200539_,ATN000904,5,,,9,4,12,25,25,17,16,24,22,3,2,3,12,11,1,1,6,9,44,15,8,6,32,35,2,,59,,4,6,2,415
"K021 Рамка 5-ная ""ATLAS"" СТАЛЬ ATN905 (2)",300200540_,ATN000905,5,,1,6,,5,7,2,9,13,14,5,,,,11,1,,1,,,1,1,,5,1,,,,,,4,1,8,96
"K022 Переключ. 2 кл 10А с/у б/рамки ""ATLAS"" СТАЛЬ ATN965 (5)",300200541_,ATN000965,5,,,4,1,8,,18,24,24,30,10,5,6,,,,,,4,,,15,18,1,,,5,,,,1,,2,176
"K023 Роз. с з/к 16А с/у б/рамки ""ATLAS"" ШАМПАНЬ ATN543 (10)",300200542_,ATN000543,10,721,189,759,1372,1743,1460,798,1545,1303,1275,960,1259,714,744,820,1313,629,499,932,619,618,748,611,794,157,474,239,998,486,485,505,1066,249,27084
"K0233 Роз. с з/к с з/ш, 16А, механизм ""ATLAS"" ШАМПАНЬ ATN545 (10)",300200624_,ATN000545,10,,30,17,4,,,30,53,7,75,4,68,,16,4,5,6,,35,,13,46,46,38,1,,17,38,4,,,67,16,640
"K02333 Роз. без з/к без с/ш 16А мех. ""ATLAS"" ШАМПАНЬ ATN541 (10) NEW",300200704_,ATN000541,10,,,,,47,249,133,225,99,78,142,69,60,101,2,120,111,98,161,62,46,5,-15,,7,,,100,1,13,4,4,66,1988
"K024 Выкл 1 кл 10А с/у ""ATLAS"" ШАМПАНЬ ATN512 (10)",300200543_,ATN000512,10,21,66,151,113,168,189,87,264,166,224,55,120,34,78,78,94,36,57,109,65,44,88,30,57,9,38,27,90,50,129,37,72,56,2902
"K025 Выкл 1 кл с инд 10А с/у б/рамки ""ATLAS"" ШАМПАНЬ ATN513 (10)",300200544_,ATN000513,10,16,,3,3,,,2,11,17,34,5,,,8,1,9,3,2,4,11,-4,,8,,,,11,1,,13,11,,5,174
"K026 Выкл 2 кл 10А с/у ""ATLAS"" ШАМПАНЬ ATN552 (10)",300200545_,ATN000552,10,7,53,91,97,116,118,27,46,43,15,25,18,11,29,36,7,,25,60,35,16,27,11,30,7,18,6,21,13,38,22,26,19,1113
"K0266 Выкл. 2 кл 10А б/рамки ""ATLAS"" ШАМПАНЬ ATN551 (10) NEW",300200593_,ATN000551,10,,,,,103,195,173,163,332,144,107,191,104,90,98,253,96,68,134,61,70,70,110,98,17,46,65,174,82,42,31,134,48,3299
"K027 Выкл 2 кл с инд 10А с/у б/рамки ""ATLAS"" ШАМПАНЬ ATN553 (10)",300200546_,ATN000553,10,17,3,4,1,,,,,10,15,1,,6,,,6,9,1,,4,5,,19,1,1,,7,,,3,2,,19,134
"K028 Выкл 3 кл 10А с/у б/рамки ""ATLAS"" ШАМПАНЬ ATN531 (10)",300200547_,ATN000531,10,,11,12,2,16,20,2,19,33,22,20,19,9,11,15,23,6,8,10,9,7,4,11,5,5,5,4,1,14,3,7,22,11,366
"K029 Комп. роз. RJ45 5Е механизм б/рамки ""ATLAS"" ШАМПАНЬ ATN583 (10)",300200548_,ATN000583,5,19,23,48,30,57,87,58,97,52,35,67,83,23,32,42,72,45,29,36,33,31,26,17,57,5,13,21,148,6,31,13,35,7,1378
"K030 Переключ. 1 кл 10А с/у б/рамки ""ATLAS"" ШАМПАНЬ ATN561 (10)",300200549_,ATN000561,10,18,21,23,57,65,61,23,87,34,87,58,43,30,60,34,320,24,36,65,40,32,67,13,38,3,13,22,67,27,9,30,38,4,1549
"K031 Переключ. 1 кл с инд 10А с/у б/рамки  ""ATLAS"" ШАМПАНЬ ATN563  (10)",300200550_,ATN000563,10,,,,,,,,,1,,,,,,,,,,,,,,1,,,,,,,2,,2,2,8
"K032 Перекрест.переключ. 1 кл 10А с/у б/рамки ""ATLAS"" ШАМПАНЬ ATN571 (5)",300200551_,ATN000571,5,3,7,8,5,12,14,8,17,12,26,14,2,3,6,6,15,7,,6,6,12,19,,5,,,1,8,7,3,9,3,10,254
"K0322 Перекрест. перекл. 2 кл 10А с/у б/рамки ""ATLAS"" ШАМПАНЬ ATN573 (5) NEW",300200773_,ATN000573,5,,,,,5,1,2,43,8,3,4,44,5,4,12,17,2,2,16,10,10,1,1,5,,6,2,12,8,3,2,1,7,236
"K033 Роз. 2-ная с/у 16А ""ATLAS"" ШАМПАНЬ ATN520 (6)",300200552_,ATN000520,6,,29,19,19,3,101,87,52,49,98,56,50,14,52,8,12,21,77,67,69,8,26,10,3,,7,4,33,34,12,21,41,22,1104
"K034 Роз. 2-ная с/у 16А с з/к з/ш ""ATLAS"" ШАМПАНЬ ATN526 (6)",300200553_,ATN000526,6,5,25,54,33,94,30,2,66,81,103,12,82,28,71,55,20,119,77,67,98,26,52,41,48,10,43,24,61,53,23,20,92,33,1648
"K035 Роз. RJ45+RJ45 5Е кат 5Е механизм б/рамки ""ATLAS"" ШАМПАНЬ ATN585 (10)",300200554_,ATN000585,5,3,6,,2,3,2,5,7,,10,3,1,2,3,8,,,,12,3,,1,,16,,,,,,2,,3,,92
"K036 Роз. с з/к 16А с/у з/ш ""ATLAS"" ШАМПАНЬ ATN544 (10)",300200555_,ATN000544,10,14,142,9,8,86,33,4,4,41,,,,11,2,6,3,3,4,31,,3,10,,4,2,,3,24,31,32,,11,3,524
"K037 ТV роз. оконечная с/у б/рамки ""ATLAS"" ШАМПАНЬ ATN591(10)",300200556_,ATN000591,10,1,4,5,11,19,13,11,53,16,5,13,10,1,9,2,27,,6,4,,1,9,1,3,,,,2,1,3,6,5,2,243
"K038 Телефонная роз. RJ11 механизм б/рамки ""ATLAS"" ШАМПАНЬ ATN581 (10)",300200557_,ATN000581,10,,,,,5,,1,,2,,,,,,,8,,6,,1,2,,,6,,,,2,1,,,,,34
"K039 Рамка 1-ная ""ATLAS"" ШАМПАНЬ ATN501 (10)",300200558_,ATN000501,20,104,102,212,311,531,1050,736,728,500,707,654,603,279,458,483,586,494,313,1061,377,411,297,216,475,163,162,181,399,269,459,299,480,158,14258
"K040 Рамка 2-ная ""ATLAS"" ШАМПАНЬ ATN502 (10)",300200559_,ATN000502,10,109,96,185,196,340,394,220,429,423,288,335,469,137,190,212,340,207,121,217,170,222,250,229,232,66,117,71,400,116,208,91,311,87,7478
"K041 Рамка 3-ная ""ATLAS"" ШАМПАНЬ ATN503 (15)",300200560_,ATN000503,5,48,44,70,130,116,181,125,228,190,122,121,155,50,95,84,165,62,83,90,65,99,76,87,111,22,41,25,121,48,46,56,111,33,3100
"K042 Рамка 4-ная ""ATLAS"" ШАМПАНЬ ATN504 (15)",300200561_,ATN000504,5,7,11,51,55,45,55,53,85,66,31,64,53,23,27,38,157,-5,32,33,13,54,29,21,30,2,19,7,26,24,24,16,26,9,1181
"K043 Рамка 5-ная ""ATLAS"" ШАМПАНЬ ATN505 (5)",300200562_,ATN000505,5,,4,10,14,17,20,15,28,29,22,11,85,2,,7,3,28,5,7,8,5,2,6,15,,1,,,4,1,1,10,,360
"K044 Переключ. 2 кл 10А с/у б/рамки ""ATLAS"" ШАМПАНЬ ATN565 (10)",300200563_,ATN000565,10,29,29,47,19,68,56,17,119,36,31,65,39,40,36,51,158,38,50,32,49,39,25,10,8,2,22,12,45,48,22,46,53,9,1350
"K045 Роз. с з/к 16А с/у б/рамки ""ATLAS"" ГРИФЕЛЬ ATN743 (10)",300200564_,ATN000743,10,139,110,208,97,485,173,146,169,136,177,263,281,121,163,113,8,180,285,162,87,180,95,110,80,68,227,52,27,13,20,87,80,94,4636
"K046 Выкл 1 кл 10А с/у ""ATLAS"" ГРИФЕЛЬ ATN712 (10)",300200565_,ATN000712,10,,8,25,32,54,25,18,23,-11,30,26,34,9,6,14,,18,15,1,2,4,17,14,9,12,21,11,4,27,6,3,31,1,489
"K0461 Выкл. 1-кл 10А с/у б/рамки ""ATLAS"" ГРИФЕЛЬ ATN711 (10) NEW",300200590_,ATN000711,10,1,,,,10,19,9,11,61,21,71,17,16,33,1,2,19,4,18,17,45,-3,17,19,36,14,45,11,,11,10,18,22,575
"K047 Выкл 1 кл с инд 10А с/у б/рамки ""ATLAS"" ГРИФЕЛЬ ATN713 (10)",300200566_,ATN000713,10,1,4,28,2,3,2,4,3,-4,4,,-20,,,,10,,,,1,,,,,,,,,,,,,,38
"K048 Выкл 2 кл 10А с/у ""ATLAS"" ГРИФЕЛЬ ATN752 (10)",300200567_,ATN000752,10,19,35,14,5,20,6,9,3,5,27,12,2,7,,6,10,3,9,,,8,7,10,4,,,8,1,5,,13,3,,251
"K0488 Выкл 2-кл 10А механизм ""ATLAS"" ГРИФЕЛЬ ATN751 (10)",300200591_,ATN000751,10,15,2,10,2,25,9,11,22,-3,31,17,4,2,9,2,1,6,8,18,17,27,2,2,,13,23,4,11,,4,10,2,11,317
"K049 Выкл 2 кл с инд 10А с/у б/рамки ""ATLAS"" ГРИФЕЛЬ ATN753 (10)",300200568_,ATN000753,10,11,,2,,10,20,6,4,-17,4,,-10,,,,,,,,,,,,1,,,,,,,,,,31
"K050 Выкл 3 кл 10А с/у б/рамки ""ATLAS"" ГРИФЕЛЬ ATN731 (10)",300200569_,ATN000731,10,,,10,,3,2,5,,5,5,3,-9,,,,,1,1,,,,,4,4,,1,,3,,,2,,,40
"K051 Комп. роз. RJ45 5Е механизм б/рамки ""ATLAS"" ГРИФЕЛЬ ATN783 (10)",300200570_,ATN000783,5,5,4,14,1,28,5,1,4,3,9,28,-12,1,19,11,,7,1,8,4,1,1,2,1,11,13,2,1,8,1,,2,4,188
"K052 Переключ. 1 кл 10А с/у б/рамки ""ATLAS"" ГРИФЕЛЬ ATN761 (10)",300200571_,ATN000761,10,7,3,20,10,18,10,2,3,17,3,26,-11,4,2,,,5,6,24,,1,4,5,2,6,4,3,2,,,7,,3,186
"K053 Переключ. 1 кл с инд 10А с/у б/рамки  ""ATLAS"" ГРИФЕЛЬ ATN763  (10)",300200572_,ATN000763,5,,,,,,,4,,,,,,,,,,,,,,,,,,,,,,,,1,,,5
"K054 Перекрест.переключ. 1 кл 10А с/у б/рамки ""ATLAS"" ГРИФЕЛЬ ATN771 (5)",300200573_,ATN000771,5,5,,10,10,2,,,,1,,,-24,,,,,,,1,,1,,,,,7,,,,,,1,,14
"K055 Роз. 2-ная с/у 16А ""ATLAS"" ГРИФЕЛЬ ATN720 (6)",300200574_,ATN000720,6,,22,24,13,5,52,27,,-28,,39,-8,4,,2,,,5,11,16,2,11,,20,5,,,2,4,,,5,4,237
"K056 Роз. 2-ная с/у 16А с з/к з/ш ""ATLAS"" ГРИФЕЛЬ ATN726 (6)",300200575_,ATN000726,6,21,1,,10,,,1,16,2,64,29,47,3,27,4,,,1,,2,12,18,,2,,12,27,18,3,5,,,8,333
"K057 Роз. RJ45+RJ45 5Е кат 5Е механизм б/рамки ""ATLAS"" ГРИФЕЛЬ ATN785 (10)",300200511_,ATN000785,10,5,1,10,10,2,,,21,,,11,-18,,,,,21,,,,,,15,,,9,1,,,,,4,,92
"K058 Роз. с з/к 16А с/у з/ш ""ATLAS"" ГРИФЕЛЬ ATN744 (10)",300200576_,ATN000744,10,16,,17,69,23,30,10,19,-14,18,30,2,4,80,2,,22,2,,1,,9,31,1,6,2,48,1,4,10,,30,6,479
"K0588 Роз. без з/к без з/ш б/рамки 16А ""ATLAS"" ГРИФЕЛЬ ATN741   (10) NEW",300200776_,ATN000741,10,,,,,,2,4,,35,-2,109,14,10,,,,,,,2,4,,,4,,,,1,3,,,5,4,195
"K059 ТV роз. оконечная с/у б/рамки ""ATLAS"" ГРИФЕЛЬ ATN791 (10)",300200577_,ATN000791,10,5,,8,10,,4,1,,1,3,4,-17,,,,,,1,2,,,,1,,,,,,,,,,,23
"K061 Рамка 1-ная ""ATLAS"" ГРИФЕЛЬ ATN701 (10)",300200579_,ATN000701,20,95,101,63,30,185,19,83,75,126,102,186,78,15,,84,12,103,35,77,81,85,76,69,31,110,96,12,19,3,3,39,74,55,2222
"K062 Рамка 2-ная ""ATLAS"" ГРИФЕЛЬ ATN702 (10)",300200580_,ATN000702,10,16,17,44,55,103,20,33,37,41,48,63,30,18,9,30,3,33,27,40,13,30,14,28,39,36,64,46,-17,,23,29,3,28,1003
"K063 Рамка 3-ная ""ATLAS"" ГРИФЕЛЬ ATN703 (15)",300200581_,ATN000703,5,17,11,18,30,25,32,30,19,21,29,32,4,17,39,3,2,13,64,11,3,13,5,9,5,13,25,16,12,6,1,11,,13,549
"K064 Рамка 4-ная ""ATLAS"" ГРИФЕЛЬ ATN704 (15)",300200582_,ATN000704,5,1,1,11,25,15,13,4,1,33,12,18,-11,5,,2,,12,2,5,5,9,1,9,6,12,13,4,2,1,1,,1,,213
"K065 Рамка 5-ная ""ATLAS"" ГРИФЕЛЬ ATN705 (5)",300200583_,ATN000705,5,6,,1,11,15,2,,5,11,1,7,-15,,,,,2,,,,3,,1,5,,1,2,,1,2,,,1,62
"K066 Переключ. 2 кл 10А с/у б/рамки ""ATLAS"" ГРИФЕЛЬ ATN765 (10)",300200584_,ATN000765,10,16,1,11,12,9,2,,1,-4,3,18,-24,,1,4,,4,,5,,5,,8,,,2,9,7,,1,,3,4,98
"K067 Роз. с з/к 16А с/у б/рамки ""ATLAS"" КАРБОН ATN1043 (5)",300200343_,ATN001043,10,1647,526,2197,3902,4600,6224,3610,4571,3837,3658,3004,3123,2903,2518,2730,2016,1874,1938,1769,2595,2620,1523,1702,2172,983,1621,1125,1236,1709,1270,1396,1524,776,78899
"K0677 Роз. без з/к без шторок, 16А, механизм ""ATLAS"" КАРБОН ATN1041 (10)",020100163_,ATN001041,10,1,20,212,196,255,513,389,260,255,270,114,61,124,137,68,175,21,115,116,231,46,34,57,57,31,49,61,1,11,48,250,130,1,4309
"K068 Выкл 1 кл 10А с/у ""ATLAS"" КАРБОН ATN1012 (5)",300200459_,ATN001012,5,78,,89,67,441,165,186,175,170,146,117,46,79,168,81,74,48,83,211,97,155,61,77,94,25,68,51,61,78,18,69,30,49,3357
"K0688 Выкл 1 кл 10А механизм ""ATLAS"" КАРБОН ATN1011 (5)",020100158_,ATN001011,10,66,21,511,586,564,1003,683,621,981,517,437,488,448,417,491,431,310,441,292,476,378,208,371,439,179,237,244,192,330,175,230,337,147,13251
"K069 Выкл 1 кл с инд 10А с/у б/рамки ""ATLAS"" КАРБОН - ATN1013",020100159_,ATN001013,5,4,64,50,27,41,6,25,33,34,-2,25,8,18,150,11,39,14,34,29,3,10,6,,22,,,4,,-30,9,8,,,642
"K070 Выкл 2 кл 10А с/у ""ATLAS"" КАРБОН ATN1052 (5)",300200460_,ATN001052,5,195,99,110,75,210,123,100,143,88,57,88,21,90,130,52,40,48,73,69,38,161,42,72,66,35,65,36,44,18,25,36,29,25,2503
"K0700 Выкл 2 кл 10А механизм ""ATLAS"" КАРБОН ATN1051 (5)",020100160_,ATN001051,10,,,228,442,470,767,634,650,406,523,418,292,299,244,278,314,222,233,144,361,232,185,176,255,130,145,151,136,203,79,163,246,113,9139
"K071 Выкл 2 кл с инд 10А с/у б/рамки ""ATLAS"" КАРБОН  - ATN1053",020100161_,ATN001053,5,35,6,51,20,23,30,38,4,26,-7,45,-7,13,30,5,38,2,12,34,,7,,,15,,,1,,,1,1,10,,433
"K072 Выкл 3 кл 10А с/у б/рамки ""ATLAS"" КАРБОН  ATN1031",300200461_,ATN001031,5,,1,19,46,38,35,72,41,92,24,25,46,31,35,40,31,30,27,33,13,16,21,29,32,23,12,36,13,10,16,17,22,16,942
"K074 Комп. роз. RJ45 5Е механизм б/рамки ""ATLAS"" КАРБОН ATN1083 (5)",300200472_,ATN001083,5,113,21,104,194,240,277,205,249,167,179,291,107,179,175,79,52,89,155,79,142,50,27,95,167,16,99,75,51,113,62,50,100,19,4021
"K075 Переключ. 1 кл 10А с/у б/рамки ""ATLAS"" КАРБОН ATN1061 (5)",300200462_,ATN001061,10,69,46,53,111,309,259,79,235,144,231,183,152,177,124,135,81,133,95,72,144,132,66,74,92,35,22,53,55,47,56,33,76,8,3581
"K076 Переключ. 1 кл с инд 10А с/у б/рамки  ""ATLAS"" КАРБОН ATN1063 (2)",300200517_,ATN001063,5,,,,,14,,,27,1,1,,,4,,,,,,6,,,2,,,,,,,,,,,,55
"K077 Перекрест.переключ. 1 кл 10А с/у б/рамки ""ATLAS"", КАРБОН -  ATN1071 (2)",020100162_,ATN001071,5,22,3,37,28,32,99,14,58,21,45,28,24,33,42,18,24,54,17,10,14,3,4,21,9,15,-6,23,2,23,8,5,23,,753
"K0777 Перекрест. перекл. 2 кл 10А с/у б/рамки мех. ""ATLAS"" КАРБОН ATN1073   (5) NEW",300200772_,ATN001073,5,,,,,12,112,58,58,24,60,13,26,72,24,9,15,13,15,8,15,8,4,7,11,12,21,5,3,13,9,5,7,2,641
"K078 Роз. 2-ная с/у 16А ""ATLAS"" КАРБОН ATN1020 (6)",300200468_,ATN001020,6,8,1,126,172,180,150,185,138,173,121,86,69,13,67,,166,34,130,118,119,86,97,46,32,25,62,40,55,101,37,60,119,30,2846
"K079 Роз. 2-ная с/у 16А с з/к з/ш ""ATLAS"" КАРБОН ATN1026 (6)",300200515_,ATN001026,6,,1,149,147,358,145,183,196,246,218,170,96,155,185,69,157,170,201,138,104,96,158,59,120,29,102,101,109,40,46,167,48,47,4210
"K080 Роз. RJ45+RJ45 5Е кат 5Е механизм б/рамки ""ATLAS"" КАРБОН ATN1085 (5)",300200518_,ATN001085,5,,4,16,21,6,20,23,78,62,29,24,-13,9,56,67,13,12,52,4,12,22,42,20,7,14,2,67,3,25,29,1,20,15,762
"K081 Роз. с з/к 16А с/у з/ш ""ATLAS"" КАРБОН ATN1044 (5)",300200516_,ATN001044,5,19,96,757,209,72,59,107,64,182,155,195,274,64,54,67,253,53,89,117,93,51,105,33,268,22,112,68,4,80,12,5,84,21,3844
"K082 ТV роз. оконечная с/у б/рамки ""ATLAS"" КАРБОН ATN1091",300200471_,ATN001091,5,1,63,41,44,41,20,62,11,15,16,6,5,19,16,7,31,7,10,13,21,9,2,24,3,1,2,1,8,,,20,15,,534
"K083 Телефонная роз. RJ11 механизм б/рамки ""ATLAS"" КАРБОН ATN1081",300200470_,ATN001081,5,15,,,3,,1,,12,10,20,2,,,10,,,,5,,,,1,,,5,,,,,,,,,84
"K084 Рамка 1-ая ""ATLAS"" КАРБОН ATN1001 (10)",300200463_,ATN001001,20,497,400,1451,2473,2909,3099,1800,1701,1734,2072,2315,1591,1524,1177,1311,1172,1177,1237,1052,1128,967,568,1074,1429,455,747,634,502,651,546,866,627,499,41385
"K085 Рамка 2-ая ""ATLAS"" КАРБОН ATN1002 (5)",300200464_,ATN001002,10,306,163,658,898,986,1593,781,1265,1290,1058,1114,865,691,684,567,526,768,396,481,675,667,362,457,600,365,552,403,361,485,216,359,411,213,21216
"K086 Рамка 3-ая ""ATLAS"" КАРБОН ATN1003 (15)",300200465_,ATN001003,5,156,61,352,417,426,735,331,600,425,507,614,412,362,305,307,226,290,156,257,245,213,181,169,272,127,127,155,174,197,186,204,123,45,9357
"K087 Рамка 4-ая ""ATLAS"" КАРБОН ATN1004",300200466_,ATN001004,5,3,4,151,218,153,359,129,299,194,171,257,174,89,118,120,79,51,90,60,138,152,145,50,54,33,97,30,46,95,26,256,101,37,3979
"K088 Рамка 5-ая ""ATLAS"" КАРБОН ATN1005",300200467_,ATN001005,5,36,,9,39,54,83,34,47,45,49,54,18,33,23,41,28,13,15,11,45,6,14,31,31,2,16,13,32,17,7,43,18,8,915
"K089 Переключ. 2 кл 10А с/у б/рамки ""ATLAS"" КАРБОН ATN1065 (5)",300200519_,ATN001065,5,48,47,72,138,280,232,108,197,109,120,160,190,95,127,196,74,78,72,75,108,106,41,44,54,53,50,51,49,32,70,14,78,18,3186
"K090 Диммер повортно нажимной мех. LED RC 400Вт ""ATLAS"" КАРБОН ATN1023 (1) NEW",300200775_,ATN001023,1,,,,,1,1,1,3,21,3,-1,1,4,,19,4,,,,,,1,10,4,,,,,,,,,,72
"K091 Выкл. AQUA 2 кл IP44 мех. ""ATLAS"" КАРБОН ATN441051   (5) NEW",300200781_,ATN441051,5,,,,,,,,,1,4,7,,,1,,,,1,,,,,6,3,,,4,,,,,1,,28
"K093 Роз. AQUA с з/к с ш/т 16А с крышкой IP44 механизам ""ATLAS"" КАРБОН ATN441046 (10) NEW",300200779_,ATN441046,10,,,,,8,247,24,105,31,38,40,38,19,38,32,34,38,29,7,79,42,50,47,69,19,18,22,14,42,11,15,6,9,1171
"K094 Рамка 1-ная AQUA IP44 ""ATLAS"" КАРБОН ATN441001     (10) NEW",300200782_,ATN441001,10,,,,,,2,10,10,,7,21,3,9,8,,4,4,9,,25,20,26,7,12,,,3,,5,4,5,4,,198
"K095 Рамка 2-ная AQUA IP44 ""ATLAS"" КАРБОН ATN441002     (5) NEW",300200783_,ATN441002,5,,,,,,,1,1,1,1,3,2,,3,2,-2,,3,,16,7,,9,,1,,12,7,1,,,5,,73
"S197 Рамка 1-ная   ""Wessen 59"" (90) !!!",300100015_,KD-1-18,90,,,30,4,,,,27,,,,,,,,,,,20,,,5,,,,,,,,,,,,86
"S198 Рамка 2-ная   ""Wessen 59"" (60) !!!",300100006_,KD-2-18,60,1,,4,,3,2,,,3,1,,,,,,,,2,,,,6,2,,,,,,,,,,,24
"S199 Рамка 3-ная ""Wessen 59"" (15/60) !!!",300100003_,KD-3-18,15,3,,1,,9,26,,,2,,,,,1,,,,1,,,,,2,,,,,,,,,,,45
"S200 Рамка 4-ная  ""Wessen 59"" (15/60) !!!",300100012_,KD-4-18,15,3,,,,,,,,,,,,,,,,,,,,,,,,,,,,,,,,,3
"S231 1кл с/у. 6А IP20 ""Прима"" ВС 16-057-б (96) !!!",030200006_,S16-057-B,0,,,,,,,,,,,,,,,,,,,8,26,67,,,8,,,,1,,,,,,110
"S232 2кл с/у. 6А IP20 ""Прима"" ВС 56-043-б (96) !!!",030200008_,S56-043-B,0,,,,,,,,,,,,,,,,,,,2,35,47,27,34,39,6,,,,,,,,,190
"S233 1кл. инд.с/у 6А IP20 ""Прима"" ВС 16-053-б (96) !!!",030200005_,S16-053-B,0,3,8,7,2,3,2,,,,,,1,,,,4,,,,,18,11,2,11,11,2,5,4,,31,9,17,44,195
"S234 2кл.инд.с/у 6А IP20 ""Прима"" ВС 56-039-б (96) !!!",030200007_,S56-039-B,0,6,3,3,1,7,3,,,,,,,,,,,,,,,2,1,2,,,,,,,43,,,5,76
"S236 с/у з/к.з/ш.16А IP20 ""Прима"" РС 16-004-б (81) !!!",030200015_,RS16-004-B,0,,,,,,,,,,,,,,,,,2,-2,6,,,4,-4,,,,,1,,,,,,7
"S239 1кл о/у. 6А IP20  ""Прима"" ВА 16-051-б (130) !!!",030200002_,A16-051-B,0,,,,,,,,,,,,,,,,,,,,6,,,,,,,,,,,,,,6
"S242 2кл.инд  о/у 6А IP20  ""Прима"" ВА 56-007-б (130) !!!",030200003_,A56-007-B,0,,,,,,,,,,,,,,,,4,,,15,8,1,3,3,1,4,,3,9,6,47,5,10,,119
"S243 о\у 10А IP20  ""Прима"" РА 10-164-б (168) !!!",030200009_,RA10-164-B,0,,,,,,,,,,,,,,,,,,,1,14,5,,,,,,,,,,,,,20
"S248 с/у. 6А IP20 ""ХИТ"" ВС 16-133-б (96) !!!",030200030_,VS16-133-B,20,165,60,133,536,693,42,43,70,24,479,21,64,66,83,,,,,,,,,,,,,,,,,,,,2479
"S249 2кл. с/у. 6А IP20 ""ХИТ"" ВС 56-234-б (96)  !!!",030200031_,VS56-234-B,20,16,30,35,438,208,40,33,25,27,343,25,,74,49,,,,,,,,,,,,,,,,,,,,1343
"S250 с/у 10А IP20  ""ХИТ"" РС 10-132-б / 10-135-б (114)  !!!",030200036_,RS10-132-B,20,79,38,41,37,46,22,20,40,,46,60,80,20,10,20,,,,,,,,,,,,,,,,,,,559
"S251 с/у.з/к 16А  IP20  ""ХИТ"" РС 16-134-б (81) !!!",030200038_,RS16-134-B,20,44,48,124,968,1457,206,13,30,91,1324,20,40,22,131,30,842,,,,,,,,,,10,,,,,,,,5400
"S252 2-я с/у 10А IP20  ""ХИТ""  РС 16-235-б / 16-230-б (80) !!!",030200037_,RS16-235-B,10,137,295,338,128,119,53,170,150,170,100,210,60,170,50,150,,,,,,,50,,,,,,,,,,,,2350
"S253 2-я с/у.з/к 16А IP20 ""ХИТ"" РС 16-236-б  (68) !!!",030200039_,RS16-236-B,10,159,165,112,787,740,50,25,11,26,183,11,65,110,164,,10,,,,,,,,,2,,15,,,,,,,2635
"S254 о/у. 6А IP20  ""ХИТ"" ВА 16-131-б (168) !!!",030200028_,VA16-131-B,25,62,56,48,75,100,57,157,217,149,161,145,35,188,88,51,,,,,,,,,,,,,,,,,,,1589
"S255 2кл.о/у. 6А IP20 ""ХИТ"" ВА 56-232-б (168) !!!",030200029_,VA56-232-B,25,12,29,36,29,12,,26,25,21,19,74,15,12,,15,,,,,,,,,,,,,,,,,,,325
"S256 о/у.10А IP20  ""ХИТ"" РА 10-131-б (168) !!!",030200032_,RA10-131-B,25,201,19,33,6,15,40,32,28,6,32,35,,32,43,84,,,,,,,,,,,,,,,,,,,606
"S257 о/у. з/к 16А IP20  ""ХИТ""  РА 16-133-б (132) !!!",030200034_,RA16-133-B,17,416,189,57,324,394,-217,201,160,98,88,69,,77,184,111,3,82,,,,,,,,,20,32,,,,,,,2288
"S258  2-я.о/у. 10А IP20 ""ХИТ"" РА 16-237I-б / РА 16-233I-б (112) !!!",030200239_,RA16-237I-B,16,109,102,55,12,58,52,120,282,90,48,137,42,227,95,,,,,,,,,,,,,,,,,,,,1429
"S259 2-я. о/у.з/к.16А IP20 ""ХИТ"" РА 16-238I-б (84) !!!",030200240_,RA16-238I-B,16,316,268,458,232,313,79,418,85,371,130,234,95,356,93,15,,16,,,,,,,,1,10,5,,,,,,,3495
"S266 1кл с/у инд 10А ""Wessen 59"" ВС 110-153-18 (10/60) !!!",030200379_,VS110-153-18,0,,,,,,,,,,,,,1,,,,,,,,,1,,,,,,,,,,,,2
"S283 о/у. 6А IP44 ""Рондо"" ВА 66-102Б-би переключатель (10/60) !!!",030200026_,VA66-102B-BI,0,237,217,42,1,,,,,1,,,,,,,,,,,,,,,,,,,,1,,,,,499
"S284 2кл. о/у 6А IP44  ""Рондо"" ВА 56-225Б-би (10/60) !!!",030200025_,VA56-225B-BI,0,1,62,6,,,,,,1,,,,,,,,,,,,,,,,,,,,,,,,,70
"S285 с/у.з/к.з/ш 16А IP44 ""Рондо"" РС 16-126Б-би (10/60) !!!",030200027_,RS16-126B-BI,0,8,4,5,,19,,,1,,45,,,,,,,,17,5,,6,,1,,,,,,3,2,,,,116
"S286 о/у.з/ш. 10А IP44 ""Рондо"" РА 10-125Б-би (12/72) !!!",030200052_,RA10-125B-BI,0,3,,,,,,,,,,,,,,,,,,,,,,,,,,,,,,,,,3
"S287 о/у.з/к.з/ш.16А IP44 ""Рондо"" РА 16-112Б-би (10/60) !!!",030200053_,RA16-112B-BI,0,,,,,,1,,,,,,,,,,,,,,,,,,,,,,,,,,,,1
"S288 2-я.о/у. з/к.з/ш 16А IP44 ""Рондо"" РА 16-227Б-би (5/30) !!!",030200054_,RA16-227B-BI,0,,,,,,,,,,,,,,,,,,,,,,,,,,,1,,,,,,,1
"S297  Розетка  2-ая с/у, з/ш ЭТЮД (120) РС16-006В !!!",030200183_,РС16-006В,0,,,,,,,,,,,,,,,5,,,,,,,,,,,,,,,,,,,5
"S310  Розетка IP44 с/у, з/к, з/ш ЭТЮД РС16-044В (120)",030200191_,PC16-044B,14,,2,1,1,,,,,,,,13,,2,,,,4,,44,,,,,1,,,,,,,,,68
S313  Выкл. 1-кл. с инд. о/у IP44 Белый ЭТЮД ВА10-045В (112),030200175_,BA10-045B,14,,,2,4,,,,,,,3,,,,,,5,,,,,,,,,,,,,,,,,14
"S315  Розетка 1-я о/у, з/ш, з/к IP44 Белая ЭТЮД РА16-044В (96)",030200176_,PA16-044B,12,,6,55,15,,,1,,,1,14,,2,2,13,,,,,,,,15,,1,,,1,,,2,3,,131
"S360 Выкл 1 кл 10А с/у ""GLOSSA"" белый GSL112 (15)",030200247_,GSL000112,15,3,37,22,39,45,38,18,106,25,19,4,32,8,,41,27,3,,2,,22,1,22,,,,,1,,,,,,515
"S361 Выкл 1 кл с инд 10А с/у б/рамки "" белый GSL113 (20)",030200246_,GSL000113,20,,,4,,,16,5,12,7,6,3,5,,,,,,,,,,,9,46,,,,,,,,,,113
"S362 Выкл 2 кл 10А с/у ""GLOSSA"" белый GSL152 (15)",030200243_,GSL000152,15,19,25,12,21,17,13,20,60,8,9,5,12,7,1,5,9,4,,,,1,2,,4,,,6,1,,,,69,14,344
"S363 Выкл 2 кл с инд 10А с/у б/рамки ""GLOSSA"" белый GSL153 (20)",030200244_,GSL000153,20,,,,2,5,9,2,,5,-3,2,4,2,,,,,,,5,,,8,23,,,,,,1,,,,65
"S364 Выкл 3 кл 10А с/у б/рамки ""GLOSSA"" белый GSL131 (20)",030200245_,GSL000131,20,1,6,,16,1,2,5,,,11,,,,,,,,1,,,,,1,2,,1,,,,4,2,,13,66
"S365 Переключ. 1 кл 10А с/у б/рамки ""GLOSSA"" белый GSL161 (20)",030200248_,GSL000161,20,7,,5,4,18,17,1,,,5,,,1,,,,,1,,,,,2,23,11,3,,3,5,,,,,106
"S366 Переключ. 1 кл с инд 10А с/у б/рамки ""GLOSSA"" белый GSL163 (20)",030200249_,GSL000163,20,6,,,,,11,3,,2,-2,,,,,,1,2,1,,2,,1,17,10,2,11,1,1,10,16,4,,,99
"S367 Роз. 2-ная с/у 16А ""GLOSSA"" белый GSL120 (15)",030200259_,GSL000120,15,3,23,22,34,30,16,12,104,5,19,2,,,16,,10,,,,,,,63,8,10,2,,,,,,,,379
"S368 Роз. 2-ная с/у 16А с з/к з/ш ""GLOSSA"" белый GSL126 (10)",030200260_,GSL000126,10,1,,8,25,29,9,,3,10,16,6,10,,,12,,,,,,,,154,103,,,,,,,,,,386
"S369 Роз. с з/к 16А с/у ""GLOSSA"" белый GSL142 (15)",030200256_,GSL000142,15,,2,7,88,121,183,48,237,42,75,31,70,20,5,23,14,77,,30,5,51,55,102,156,8,,,1,,,,,,1451
"S370 Роз. с з/к 16А с/у з/ш ""GLOSSA"" белый GSL144 (15)",030200257_,GSL000144,15,50,106,,95,32,39,7,154,1,16,74,21,5,,40,,50,,1,,,3,62,38,,,,,,,,,,794
"S371 Роз. с з/к 16А с/у з/ш IP44 ""GLOSSA"" белый GSL148 (10)",030200258_,GSL000148,10,,,,2,16,18,,60,4,1,,1,2,1,,,11,2,,6,1,4,15,22,,,,,,,,,2,168
"S374 Комп. роз. RJ45 5Е механизм б/рамки ""GLOSSA"" белый GSL181K (10)",030200263_,GSL000181K,10,2,6,,11,5,5,1,3,2,2,,5,,,2,,2,,,2,,2,11,-1,,,,,,,,,,60
"S375 Роз. RG11+RJ45 5Е кат 5Е механизм б/рамки ""GLOSSA"" белый GSL185 (10)",030200262_,GSL000185,10,,,2,1,2,,,,,2,,,,,2,,,,,,,,,,,,,,,,,,,9
"S376 ТV роз. проход.с/у б/рамки ""GLOSSA"" белый GSL192 (10)",030200265_,GSL000192,10,,5,4,6,,8,2,,,2,1,,,,,3,,,,,,,2,,,,,,,,,,,33
"S377 Телефонная роз. RJ11 механизм б/рамки ""GLOSSA"" белый GSL181T (10)",030200261_,GSL000181T,10,1,,,1,,,,,,,,,,,,1,,,,,,,,,,,,,,,,,,3
"S378 USB розетка - 2х5В/ 1050 мА с/у б/рамки ""GLOSSA"" белый GSL133 (1)",030200292_,GSL000133,1,,3,3,,,,,,,,,,,,,,,,,,,,1,6,,,,5,,,,,,18
"S379 Рамка 1-ная ""GLOSSA"" белый GSL101 (45)",030200250_,GSL000101,45,3,12,2,21,28,30,10,56,8,3,5,6,16,,4,5,2,1,,11,,20,47,66,,5,2,21,6,1,,3,6,400
"S380 Рамка 2-ная ""GLOSSA"" белый GSL102 (30)",030200251_,GSL000102,30,11,38,32,61,32,55,6,137,14,28,14,35,11,2,4,14,9,,7,13,,15,43,25,,3,1,9,19,3,4,4,11,660
"S381 Рамка 3-ная ""GLOSSA"" белый GSL103 (15)",030200252_,GSL000103,15,4,7,,18,12,20,3,60,3,11,4,10,3,1,,,2,,,4,,12,10,13,,,,4,2,,,2,7,212
"S382 Рамка 4-ная ""GLOSSA"" белый GSL104 (15)",030200253_,GSL000104,15,1,7,,8,6,14,2,2,,2,,2,,,1,1,7,,,2,,4,9,1,,1,,,,,,,,70
"S383 Рамка 5-ная ""GLOSSA"" белый GSL105 (5)",030200254_,GSL000105,5,,1,,,1,,,,2,2,,2,,,3,2,3,,,,,,1,2,,,,,,,,,1,20
"S3833 Выкл 1 кл 10А с/у б/рамки ""ATLAS"" белый (20) ATN111",300200331_,ATN000111,20,698,216,1244,1291,2517,2065,2287,2678,2751,2211,2400,1365,1575,1564,1184,1323,1892,1507,1038,1761,1491,897,1172,1185,1043,681,822,861,619,1002,1675,1107,495,46617
"S384 Выкл 1 кл 10А с/у ""ATLAS"" белый ATN112  (15)",300200296_,ATN000112,15,589,424,687,820,785,1082,435,983,696,485,634,544,298,572,414,782,506,421,513,787,402,381,479,459,407,377,242,780,556,481,717,586,400,18724
"S385 Выкл 1 кл с инд 10А с/у б/рамки ""ATLAS"" белый ATN113 (20)",300200283_,ATN000113,20,,27,147,143,71,89,36,73,39,25,44,36,11,111,70,72,66,87,21,299,45,38,63,23,84,30,50,46,-12,76,41,76,24,2051
"S386 Выкл 2 кл 10А с/у ""ATLAS"" белый ATN152 (15)",300200302_,ATN000152,15,364,499,708,775,453,572,253,605,514,270,383,277,229,462,218,361,105,285,336,520,368,317,281,254,210,121,161,371,244,262,279,293,246,11596
"S3866 Выкл 2 кл 10А механизм ""ATLAS"" белый ATN151 (20)",300200333_,ATN000151,20,35,13,383,819,1751,914,1326,1534,1121,1280,1003,738,922,948,610,890,1030,719,550,923,830,382,559,802,573,457,241,423,374,586,624,660,275,24295
"S387 Выкл 2 кл с инд 10А с/у б/рамки ""ATLAS"" белый ATN153 (20)",300200288_,ATN000153,20,,6,75,96,42,65,35,48,98,6,5,14,51,114,22,102,45,45,7,26,65,14,19,16,36,30,27,12,44,31,49,29,16,1290
"S388 Выкл 3 кл 10А с/у б/рамки ""ATLAS"" белый ATN131 (20)",300200284_,ATN000131,20,9,27,71,80,164,85,80,418,85,77,91,102,77,117,139,45,119,65,68,77,57,23,38,73,15,28,67,41,52,53,45,84,29,2601
"S3899 Диммер поворотно-нажимной с/у б/рамки 400Вт ""ATLAS"" белый ATN123 (1)",300200767_,ATN000123,1,1,,1,3,8,,5,13,6,9,-2,4,,1,1,1,1,,-1,3,9,3,,3,2,5,,,1,,1,,1,79
"S390 Комп. роз. RJ45 5Е механизм б/рамки ""ATLAS"" белый ATN183 (10)",300200293_,ATN000183,10,258,443,634,394,604,392,495,376,657,270,460,381,342,372,211,219,309,386,226,280,152,138,127,129,135,187,179,103,188,245,98,193,91,9674
"S391 Переключ. 1 кл 10А с/у б/рамки ""ATLAS"" белый ATN161 (20)",300200289_,ATN000161,20,156,28,205,285,281,408,434,454,400,593,477,287,245,356,223,211,322,297,335,290,279,177,184,140,212,95,96,200,92,193,71,198,52,8276
"S392 Переключ. 1 кл с инд 10А с/у б/рамки  ""ATLAS"" белый ATN163 (20)",300200290_,ATN000163,20,,4,,5,7,11,5,,10,2,,1,,,10,8,12,4,,-20,2,,4,4,10,,,,18,4,,4,,105
"S393 Перекрест.переключ. 1 кл 10А с/у б/рамки ""ATLAS"" белый ATN171 (5)",300200291_,ATN000171,5,1,2,73,65,75,113,24,107,78,47,54,37,15,53,22,23,69,37,46,7,23,35,73,30,51,7,10,38,26,44,35,56,32,1408
"S394 Роз. 2-ная с/у 16А ""ATLAS"" белый ATN120 (15)",300200297_,ATN000120,15,67,911,887,704,915,673,1085,1473,1166,1073,801,490,740,539,693,672,681,764,848,783,707,691,706,325,507,470,346,520,503,397,657,521,332,22647
"S395 Роз. 2-ная с/у 16А с з/к з/ш ""ATLAS"" белый ATN126 (10)",300200298_,ATN000126,10,52,517,1358,954,1092,866,1208,1190,1187,889,945,915,663,996,515,1002,1078,880,1079,751,686,720,1203,742,782,607,482,781,739,987,1275,1367,333,28841
"S396 Роз. 2-ная с/у 16А с з/к з/ш со сдвиж.крыш.""ATLAS"" белый ATN128 (6)",300200299_,ATN000128,6,4,6,6,1,3,18,1,10,20,,1,,,4,,2,50,,1,7,-52,2,6,2,,,1,,,,,2,1,96
"S397 Роз. RJ45+RJ45 5Е кат 5Е механизм б/рамки ""ATLAS"" белый ATN185 (10)",300200294_,ATN000185,10,54,59,130,61,55,60,134,223,207,61,166,56,25,215,55,50,56,33,64,281,42,114,118,129,5,9,50,64,29,29,14,49,92,2789
"S398 Роз. с з/к 16А с/у б/рамки ""ATLAS"" белый ATN143 (20)",300200286_,ATN000143,20,3270,5029,6663,8357,10349,8637,11455,11997,10402,11409,8757,8682,6557,6663,5776,6383,7671,7033,5770,7503,6226,4152,5453,7214,4211,4627,4163,4744,3421,4661,6295,5686,2368,221584
"S3988 Роз. без з/к без шторок 16А механизм ""ATLAS"" белый ATN141 (20)",300200332_,ATN000141,20,20,49,866,1013,822,1175,1640,1565,1921,1385,1795,865,736,990,865,1377,813,1298,1157,869,969,541,663,466,560,497,312,661,331,708,500,416,381,28226
"S399 Роз. с з/к 16А с/у з/ш ""ATLAS"" белый ATN144 (15)",300200301_,ATN000144,15,161,580,754,613,403,836,836,661,1022,287,602,593,343,657,387,925,417,236,897,675,209,455,786,448,790,439,258,313,372,316,462,673,435,17841
"S400 Роз. с з/к 16А с/у з/ш с выталкивателем б/рамки ""ATLAS"" белый ATN147 (15)",300200287_,ATN000147,15,4,8,15,3,7,5,3,94,16,20,,,,,38,,2,5,9,,,4,27,28,,,23,,32,,5,1,,349
"S4000 Роз. с з/к 16А с/у з/ш с крышкой б/рамки""ATLAS"" белый  ATN146 (15)",300200700_,ATN000146,15,,20,188,50,233,204,266,183,88,33,130,110,110,158,175,55,105,192,221,119,123,92,66,20,49,146,96,40,60,102,91,131,139,3795
"S401 ТV роз. оконечная с/у б/рамки ""ATLAS"" белый ATN191 (10)",300200295_,ATN000191,10,4,49,118,138,88,67,164,69,166,37,115,52,42,202,36,49,71,48,20,48,37,29,28,30,5,7,8,25,12,14,36,23,7,1844
"S402 Телефонная роз. RJ11 механизм б/рамки ""ATLAS"" белый ATN181 (10)",300200292_,ATN000181,5,-8,1,12,29,11,35,38,33,12,4,4,4,1,52,2,,17,25,5,10,,3,6,8,25,10,3,,1,,1,4,,348
"S403 ТЕРМОСТАТ для теп.пола с датч. с/у 16А ""ATLAS"" белый (1) ATN138",300200300_,ATN000138,1,6,1,12,7,10,4,3,9,4,5,11,10,4,5,,8,,,,,,4,10,2,,,,8,,2,,2,3,130
"S404 USB розетка - 2 порта с/у б/рамки ""ATLAS"" белый (1) ATL133",300200312_,ATN000133,1,,,,,,,,,10,7,2,,1,1,1,1,9,8,,,,1,,7,,,7,,,9,3,,,67
"S405 Рамка 1-ная ""ATLAS"" белый (45) ATN101",300200303_,ATN000101,45,2156,783,4509,5059,7174,5292,8070,8581,6867,8081,7796,3962,4019,4666,3815,4939,5786,4713,3254,5456,3753,2809,3403,3830,2600,2695,2412,3192,1967,3823,4663,3530,1664,145319
"S406 Рамка 2-ная ""ATLAS"" белый (30) ATN102",300200304_,ATN000102,30,964,472,2000,1948,2850,1839,2903,3178,2639,3062,3241,1513,2083,1926,990,2717,2020,1649,1615,2239,1809,932,1578,1740,1471,1133,842,1008,884,1390,937,1547,751,57870
"S407 Рамка 3-ная ""ATLAS"" белый (15) ATN103",300200305_,ATN000103,15,349,166,968,889,1172,953,1181,1538,1098,1318,1349,825,672,695,576,731,891,712,608,784,605,578,644,574,668,318,426,501,367,456,446,568,254,23880
"S408 Рамка 4-ная ""ATLAS"" белый (15) ATN104",300200306_,ATN000104,15,232,119,414,294,315,325,380,462,610,459,661,212,199,355,176,182,313,256,270,243,223,242,248,523,259,128,112,140,85,201,139,218,136,9131
"S409 Рамка 5-ная ""ATLAS"" белый (5) ATN105",300200307_,ATN000105,5,18,125,78,64,51,86,43,89,96,93,75,37,19,49,67,52,35,116,53,42,48,135,97,32,9,20,28,36,-7,43,13,31,22,1795
"S410 Переключ. AQUA 1 кл 10А с/у б/рамки IP 44 ""ATLAS"" белый ATN0161 (20)",300200310_,ATN440161,20,,3,60,12,3,,48,10,5,5,8,2,20,,,,2,3,13,15,53,,2,6,,12,1,,,,20,10,5,318
"S411 Роз. AQUA с з/к 16А с/у з/ш c крышкой б/рамки IP 44 ""ATLAS"" белый ATN0146 (15)",300200311_,ATN440146,15,3,27,86,150,190,44,171,196,133,108,47,95,45,53,55,137,137,147,157,105,84,40,150,139,155,190,21,21,39,160,57,61,87,3290
"S412 Рамка 1-ная AQUA IP 44 ""ATLAS"" белый ATN0101 (10)",300200308_,ATN440101,10,5,5,23,15,70,4,135,18,10,8,22,6,2,18,15,16,21,3,14,17,50,11,38,59,2,64,28,3,10,16,2,49,51,810
"S413 Рамка 2-ная AQUA IP 44 ""ATLAS"" белый ATN0102 (5)",300200309_,ATN440102,5,,1,13,25,,18,4,8,2,2,2,10,3,7,4,4,15,6,8,3,6,9,21,20,6,34,2,1,6,16,5,10,1,272
"S414 Выкл 1 кл  с/у 6А 250B ""BLANCA"" белый BLNVS006101 (60)",300200313_,BLNVS006101,10,12,56,15,151,94,81,21,99,97,121,65,236,58,63,20,374,88,23,54,105,32,67,22,22,25,12,414,63,22,15,45,34,7,2613
"S414 Переключ. 2 кл 10А с/у б/рамки ""ATLAS"" белый ATN165 (20)",300200498_,ATN000165,20,17,92,176,192,262,260,159,291,283,197,306,143,137,115,134,125,311,277,165,147,178,81,81,173,209,100,61,111,73,155,41,183,46,5281
"S415 Адаптер 45 ""ATLAS"" белый ATN108  (15)",ATN000108,ATN000108,5,,,,5,34,,,11,65,,,,,,,,1,,,,,,,,3,,,,,,61,,,180
"S415 Выкл 2 кл  с/у 6А 250B ""BLANCA"" белый BLNVS006501 (60)",300200314_,BLNVS006501,10,2,,20,65,49,33,13,54,45,49,17,135,33,39,4,285,6,4,47,15,3,3,4,2,21,9,360,7,3,12,25,9,4,1377
"S416 Заглушка б/с ""ATLAS"" белый ATN109  (15)",ATN000109,ATN000109,5,,,4,,12,2,,2,5,3,5,1,,,2,21,,14,4,,21,,20,,,4,15,1,1,2,,6,11,156
"S416 Роз  с/у без з/к 16А 250В ""BLANCA""  белый BLNRS000011 (60)",300200315_,BLNRS000011,10,4,2,5,23,64,31,35,20,,30,5,,,,14,5,,5,20,,,,,,,,,,,6,,,,269
"S417 Перекрест. перекл. 2 кл 10А с/у б/рамки мех. ""ATLAS"" белый ATN173   (5) NEW",300200771_,ATN000173,5,,,,5,9,39,12,37,103,48,36,17,34,22,37,61,24,12,31,38,20,18,40,13,30,8,6,24,34,42,12,16,16,844
"S417 Роз  2-ная  с/у без з/к 16А 250В ""BLANCA""  белый BLNRS000021 (36)",300200316_,BLNRS000021,6,26,5,68,104,117,165,25,52,20,75,22,6,21,11,19,2,,2,8,,10,3,,3,8,1,5,2,2,1,6,,,789
"S418 Вывод кабеля механизм ""ATLAS"" белый ATN000199  (10)",300200959_,ATN000199,10,,,,,,,,10,,,,,13,28,9,136,24,39,20,36,22,16,38,70,24,7,29,15,31,24,20,29,45,685
"S418 Роз  с/у с з/к 16А 250В ""BLANCA""  белый BLNRS001011 (60)",300200317_,BLNRS001011,10,53,3,76,107,529,43,3,685,53,290,89,612,26,142,34,131,69,23,342,160,27,13,31,5,82,26,421,227,55,42,22,37,69,4527
"S419 Выкл. 1 кл с самовозвр. механизм ""ATLAS"" белый ATN000115 (5)",300200496_,ATN000115,5,,,,,,,,,,,,,17,2,64,14,,,80,10,15,,,12,1,11,50,73,5,6,64,6,18,448
"S419 Роз  с/у с з/к с штор. 16А 250В ""BLANCA"" белый BLNRS001111 (60)",300200346_,BLNRS001111,10,,,,,,,,,,10,,35,128,,,36,,,,,2,,,2,35,,21,20,,,,,,289
"S420 Роз  2-ная  с/у с з/к 16А 250В ""BLANCA""  белый BLNRS001021 (36)",300200318_,BLNRS001021,6,,,6,151,473,31,37,750,243,133,77,52,78,66,49,586,42,69,82,94,71,68,34,7,68,71,541,166,65,75,6,50,16,4257
"S421 Роз  2-ная  с/у с з/к с штор. 16А 250В ""BLANCA"" белый BLNRS001121 (36)",300200347_,BLNRS001121,6,,,3,59,126,,327,3,33,212,17,94,,30,40,166,,,,,,4,,1,,3,142,1,,10,45,3,6,1325
"S422 Выкл 1 кл  о/у 6А 250B ИЗОЛ.ПЛ. ""BLANCA""  белый BLNVA061011 (90)",300200319_,BLNVA061011,15,46,4,257,484,457,477,339,390,648,601,383,249,552,393,295,395,435,327,608,668,328,461,602,507,268,199,239,401,276,311,611,299,320,12830
"S423 Выкл 2 кл  о/у 6А 250B ИЗОЛ.ПЛ. ""BLANCA""  белый BLNVA065011 (90)",300200320_,BLNVA065011,15,7,15,24,165,105,73,168,109,210,253,121,129,189,57,108,110,127,81,139,252,91,130,141,55,145,86,63,169,84,95,170,61,150,3882
"S424 Роз  о/у без з/к 16А 250В ИЗОЛ.ПЛ. ""BLANCA"" белый BLNRA000111 (108)",300200321_,BLNRA000111,18,,2,8,46,162,16,42,108,127,52,56,57,145,13,97,36,26,85,18,104,9,26,43,24,4,3,18,24,9,24,34,3,39,1460
"S425 Роз  2-ная  о/у без з/к 16А 250В ИЗОЛ.ПЛ. ""BLANCA"" белый BLNRA000211 (60)",300200322_,BLNRA000211,10,,,55,136,157,28,218,166,257,126,126,79,180,63,97,143,73,190,39,155,87,151,172,41,45,93,76,73,58,103,114,84,44,3429
"S426 Роз  о/у с з/к 16А 250В ИЗОЛ.ПЛ. ""BLANCA"" белый BLNRA010111 (72)",300200323_,BLNRA010111,12,43,12,482,764,867,548,492,522,669,610,438,511,362,287,252,593,633,483,418,636,264,438,481,835,357,257,288,378,396,379,716,492,473,15376
"S427 Роз  2-ная  о/у с з/к 16А 250В ИЗОЛ.ПЛ. ""BLANCA"" белый BLNRA010211 (48)",300200324_,BLNRA010211,8,61,5,313,1195,1107,842,830,1102,1309,1196,1113,1104,694,921,814,978,1089,759,967,1306,1043,1029,1368,955,996,648,680,1016,807,1213,799,886,839,29984
"S428 Роз 3-ная  о/у без з/к 16А 250В ИЗОЛ.ПЛ. ""BLANCA"" белый BLNRA000311 (36)",300200325_,BLNRA000311,6,3,57,18,65,35,63,37,99,93,51,32,68,32,162,60,29,39,43,22,43,102,40,6,37,50,23,5,26,40,33,46,44,57,1560
"S429 Роз 3-ная  о/у с з/к 16А 250В ИЗОЛ.ПЛ. ""BLANCA"" белый BLNRA010311 (30)",300200326_,BLNRA010311,5,102,1,119,259,566,368,369,377,525,285,320,384,328,423,261,305,262,248,307,309,301,401,201,358,533,347,198,524,246,544,397,426,212,10806
"S430 Роз 4-ная  о/у без з/к 16А 250В ИЗОЛ.ПЛ. ""BLANCA"" белый BLNRA000411 (30)",300200327_,BLNRA000411,5,4,39,64,68,52,50,31,54,131,21,21,67,29,69,62,23,16,30,22,17,104,9,24,70,21,40,20,29,6,16,45,38,24,1316
"S431 Роз 4-ная  о/у с з/к со штор. 16А 250В ИЗОЛ.ПЛ. ""BLANCA"" белый BLNRA011411 (24)",300200328_,BLNRA011411,4,79,4,97,249,257,239,317,341,419,335,201,151,252,259,223,287,142,319,209,242,151,170,201,335,303,167,149,282,219,398,242,255,239,7733
"S432 Звонок проводной  о/у ""BLANCA"" белый BLNZA000011 (48)",300200330_,BLNZA000011,8,1,,1,3,5,4,53,4,2,4,1,,2,3,8,1,2,,24,1,,,3,2,1,,2,2,3,1,,2,10,145
"S433 Роз  2-ная  с/у с з/к с крыш. IP44 16А 250B ""BLANCA"" белый BLNRS441121 (30)",300200348_,BLNRS441121,5,,8,,7,9,15,1,35,4,16,4,3,,8,40,1,,,1,1,1,,,1,2,,1,,3,3,3,1,,168
"S434 Роз с/у компьютерная RJ45 кат.5Е ""BLANCA"" белый BLNIS045001 (60)",300200350_,BLNIS045001,10,16,,2,5,,3,30,,3,,,,19,5,5,,,,3,1,2,,,,,4,,,,,,,,98
"S435 Роз TV коннектор ""BLANCA"" белый BLNTS000011  (60)",300200352_,BLNTS000011,10,,,,,1,,,,,,,,,,,,,,1,,,,,,,,,,,,,,,2
"А384 Выкл 1 кл 10А с/у ""ATLAS"" алюминий ATN312 (10)",300200430_,ATN000312,10,93,40,26,25,119,62,26,24,29,26,70,-23,32,15,3,20,25,100,12,12,42,23,18,132,25,6,24,9,15,25,25,31,,1111
"А3844 Выкл 1 кл 10А механизм ""ATLAS"" алюминий ATN311 (10)",300200588_,ATN000311,10,,4,30,111,115,109,71,132,111,86,55,119,133,32,78,65,107,131,77,27,75,145,67,120,17,28,53,15,20,110,47,-68,33,2255
"А385 Выкл 1 кл с инд 10А с/у б/рамки ""ATLAS"" алюминий ATN313  (10)",300200443_,ATN000313,10,10,3,10,30,10,30,5,8,26,16,10,-25,1,20,4,,30,11,,5,24,3,22,11,,,,39,,,,-10,,293
"А386 Выкл 2 кл 10А с/у ""ATLAS"" алюминий ATN352 (10)",300200432_,ATN000352,10,53,40,5,94,61,17,12,27,8,26,28,-12,23,27,39,5,57,11,7,13,39,11,13,46,10,1,4,9,5,4,21,9,2,715
"А387 Выкл 2 кл с инд 10А с/у б/рамки ""ATLAS"" алюминий ATN353 (10)",300200444_,ATN000353,10,5,1,9,42,,4,3,2,13,18,6,-15,,,4,,40,,,,10,,3,,,,,10,,,,-8,,147
"А388 Выкл 3 кл 10А с/у б/рамки ""ATLAS"" алюминий ATN331 (10)",300200449_,ATN000331,10,11,2,1,7,19,1,1,4,12,13,2,-5,,15,,1,18,-1,17,3,11,2,3,,,,,1,,4,,-8,,134
"А389 Диммер поворотно-нажимной с/у б/рамки 315Вт ""ATLAS"" алюминий ATN334 (1) !!!",300200447_,ATN000334,0,,,,,,,,,,,,,,,,,,,,,,,,,2,,,,,,,,,2
"А390 Комп. роз. RJ45 5Е механизм б/рамки ""ATLAS"" алюминий ATN383 (10)",300200433_,ATN000383,5,4,17,29,31,39,24,37,9,10,24,33,12,15,51,30,6,23,-1,3,-11,30,7,4,22,2,1,1,26,1,4,1,1,,485
"А391 Переключ. 1 кл 10А с/у б/рамки ""ATLAS"" алюминий ATN361 (10)",300200439_,ATN000361,10,10,14,10,42,34,12,20,21,47,27,18,-12,12,9,,18,26,3,20,7,10,,6,18,10,10,16,,13,4,5,13,,443
"А392 Переключ. 1 кл с инд 10А с/у б/рамки  ""ATLAS"" алюминий ATN363  (10)",300200451_,ATN000363,10,5,,,,,2,7,,,,,-5,1,,,,,,,,17,,,,,,,,,,,,,27
"А393 Перекрест. переключ. 1 кл 10А с/у б/рамки ""ATLAS"" алюминий ATN371 (5)",300200448_,ATN000371,5,7,,9,,,,4,,11,3,,-11,,,2,,1,,5,,6,,,,,,1,,,1,,-7,,32
"А3933 Перекрест. переключ. 2 кл 10А с/у б/рамки ""ATLAS"" алюминий ATN373 (5) NEW",300200774_,ATN000373,5,,,,,,,1,11,,,,,,,2,1,,,1,,2,,2,,,,1,,,1,,2,,24
"А394 Роз. 2-ная с/у 16А ""ATLAS"" алюминий ATN320 (6)",300200436_,ATN000320,6,19,159,52,12,44,94,140,40,75,75,72,33,26,61,23,62,201,68,72,36,23,128,45,75,62,38,71,32,24,40,5,,22,1929
"А395 Роз. 2-ная с/у 16А с з/к з/ш ""ATLAS"" алюминий ATN326 (6)",300200431_,ATN000326,6,5,67,12,11,34,18,5,24,9,101,57,5,14,14,42,61,22,10,4,24,54,,37,31,27,,16,10,6,22,17,4,12,775
"А396 Роз. 2-ная с/у 16А с з/к з/ш со сдвиж.крыш.""ATLAS"" алюминий ATN328 (6)",300200452_,ATN000328,6,6,,,,1,,1,,,,2,-2,,,,,,,5,,2,2,,,,,,6,,1,-2,,,22
"А397 Роз. RJ45+RJ45 5Е кат 5Е механизм б/рамки ""ATLAS"" алюминий ATN385 (10)",300200434_,ATN000385,5,6,6,,,11,,12,7,13,6,5,5,,8,,,10,48,,,1,25,16,9,3,,1,,2,14,,-14,,194
"А399 Роз. с з/к 16А с/у з/ш ""ATLAS"" алюминий ATN344 (10)",300200429_,ATN000344,10,36,,1,34,182,18,63,52,12,106,94,53,4,,81,44,14,39,1,1,81,9,1,10,55,8,25,,20,8,31,,7,1090
"А3999 Роз. без з/к без шторок 16А механизм ""ATLAS"" алюминий ATN341 (10)",300200632_,ATN000341,10,40,5,70,70,20,38,62,79,58,16,71,36,10,60,50,41,110,133,-25,34,15,100,48,27,12,3,,25,64,42,,95,10,1419
"А401 ТV роз. оконечная с/у б/рамки ""ATLAS"" алюминий ATN391(10)",300200441_,ATN000391,10,,2,12,,25,7,,2,,2,1,-2,,,7,,8,-3,,1,4,,1,,,,,50,,2,,1,,120
"А402 Телефонная роз. RJ11 механизм б/рамки ""ATLAS"" алюминий ATN381 (10)",300200450_,ATN000381,10,5,7,8,,20,1,1,,,,,-11,,,,1,,,,,,,,,,,,1,,,,,,33
"А405 Рамка 1-ная ""ATLAS"" алюминий ATN301 (20)",300200435_,ATN000301,20,150,150,214,151,502,335,369,362,434,276,305,306,200,416,170,89,538,249,214,105,280,351,141,316,275,100,224,161,19,157,98,18,33,7708
"А406 Рамка 2-ная ""ATLAS"" алюминий ATN302 (10)",300200437_,ATN000302,10,111,104,6,103,167,107,118,183,83,61,196,126,135,76,90,29,259,90,72,36,186,32,64,31,52,20,66,53,43,61,36,19,14,2829
"А407 Рамка 3-ная ""ATLAS"" алюминий ATN303 (15)",300200438_,ATN000303,5,27,67,15,51,81,40,56,27,56,34,40,38,28,43,90,36,39,39,32,25,78,29,57,123,5,18,25,40,25,33,10,12,4,1323
"А408 Рамка 4-ная ""ATLAS"" алюминий ATN304 (15)",300200440_,ATN000304,5,20,15,,47,36,12,32,7,33,19,5,-9,20,21,15,17,27,61,15,2,42,44,13,11,1,4,5,15,3,27,11,-2,11,580
"А409 Рамка 5-ная ""ATLAS"" алюминий ATN305 (5)",300200445_,ATN000305,5,5,3,,15,12,2,3,1,12,8,,-14,4,1,1,-30,12,,3,3,7,,1,1,,9,,1,,3,1,-7,,57
"А414 Переключ. 2 кл 10А с/у б/рамки ""ATLAS"" алюминий ATN365 (10)",300200446_,ATN000365,10,,,10,11,48,16,16,2,14,5,2,-7,12,30,1,8,12,20,21,4,29,,10,,,,4,25,8,4,,,,305
"ВЫВОД КАБЕЛЯ, механизм ""ATLAS"" алюминий ATN399 !!!",ATN000399,ATN000399,10,,,,,,,,,,,,,,,,,2,,,4,,,21,,1,,,,,,,,,28
"Выкл 1-кл, сх.1, 10АХ, механизм, шампань ""ATLAS""",300200592_,ATN000511,10,,,4,10,183,96,184,194,158,237,111,171,112,130,93,174,98,71,190,89,149,68,93,159,24,31,68,236,41,66,46,87,47,3420
Выкл 2 кл 10А механизм жемчуг ATN000451,300200366_,ATN000451,10,,20,30,,50,38,50,45,89,,10,28,10,43,47,46,44,68,19,3,13,3,,,,,,1,12,26,24,,9,728
Выкл 2 кл о/у 10А 250B белый BLANCA,LNVA105011,BLNVA105011,15,,,,,10,3,,56,,26,1,,,20,,15,,10,1,2,10,10,,20,2,1,,1,2,20,,2,,212
"Выкл 2-кл, сх.5, 10АХ, механизм, сталь ""ATLAS""",300200595_,ATN000951,5,,,,,16,10,18,,27,46,10,23,,3,,52,10,7,12,6,49,13,13,22,,3,1,2,22,,9,16,11,401
"ВЫКЛЮЧАТЕЛЬ ""ХИТ""СУ 1КЛ. ИБЕЛ. VS16-135-B Shn.Elec. !!!",030200097_,VS16-135-B,20,,,,,,,,,,,,,,,,,,,,,,,,,,,3,,,,,,,3
К090 Роз. с з/к 16А с/у б/рамки ATLAS ПЕСОЧНЫЙ ATN1243 (5),300200718_,ATN001243,5,,175,128,556,340,391,350,230,236,237,416,464,476,946,256,256,761,548,242,508,390,308,141,350,105,310,268,585,221,303,192,348,236,11273
К091 Роз. с з/к с з/ш 16А механизм ATLAS ПЕСОЧНЫЙ ATN1245 (5),300200719_,ATN001245,5,4,,,41,,,2,71,29,3,15,42,30,27,9,20,10,,,,8,112,-50,20,26,44,11,,15,18,,,26,533
К092 Выкл 1 кл 10А с/у ATLAS ПЕСОЧНЫЙ ATN1212 (5),300200720_,ATN001212,5,,31,11,58,110,43,54,49,32,16,65,39,25,73,15,52,23,14,36,8,15,41,47,41,50,25,,12,,53,25,50,6,1119
К093 Выкл 1 кл с инд 10А с/у б/рамки ATLAS ПЕСОЧНЫЙ ATN1213,300200721_,ATN001213,5,,2,,1,,5,,,,,10,,,3,,20,,11,,,,,9,8,1,,10,6,5,5,,2,,98
К094 Выкл 2 кл 10А с/у ATLAS ПЕСОЧНЫЙ ATN1252 (5),300200722_,ATN001252,5,,11,12,74,26,10,56,11,8,25,28,15,15,40,18,17,17,36,12,14,20,12,,32,18,15,,2,,11,27,42,1,625
"К0944 Выкл. 2 кл 10А б/рамки ""ATLAS"" ПЕСОЧНЫЙ ATN1251 (5) NEW",300200777_,ATN001251,5,,,,,23,35,86,19,13,36,63,111,39,126,67,72,41,60,79,46,55,16,41,19,8,25,18,59,52,43,13,26,38,1329
К095 Выкл 2 кл с инд 10А с/у б/рамки ATLAS ПЕСОЧНЫЙ ATN1253,300200723_,ATN001253,5,18,,,5,,5,,1,,,,,,,,,,3,,,,,,8,4,,,,,2,,5,1,52
К096 Выкл 3 кл 10А с/у б/рамки ATLAS ПЕСОЧНЫЙ ATN1231 (5),300200724_,ATN001231,5,,5,2,3,1,,11,,7,11,2,11,6,1,,12,12,8,3,1,2,1,,6,,,2,6,10,4,,4,1,132
К097 Комп. роз. RJ45 5Е механизм б/рамки ATLAS ПЕСОЧНЫЙ ATN1283 (5),300200725_,ATN001283,5,7,11,7,27,7,17,14,10,5,11,11,25,7,50,2,16,20,27,10,9,11,3,,10,4,12,10,31,2,2,11,38,6,433
К098 Переключ. 1 кл 10А с/у б/рамки ATLAS ПЕСОЧНЫЙ ATN1261 (5),300200726_,ATN001261,5,8,13,8,30,8,22,11,18,21,31,32,19,2,31,16,5,34,24,15,35,34,16,28,15,13,15,,19,5,14,60,19,12,633
К099 Переключ. 1 кл с инд 10А с/у б/рамки ATLAS ПЕСОЧНЫЙ ATN1263,300200727_,ATN001263,5,,,,,,,,,,,,,,,,,,9,,,,,,,,,,,,,,,,9
К100 Перекрест.переключ. 1 кл 10А с/у б/рамки ATLAS ПЕСОЧНЫЙ ATN1271 (5),300200728_,ATN001271,5,,2,1,15,4,4,,2,,10,,1,1,8,,10,,5,,1,4,,5,3,,4,,1,6,8,4,5,1,105
К101 Роз. 2-ная с/у 16А ATLAS ПЕСОЧНЫЙ ATN1220 (6),300200729_,ATN001220,6,,8,1,22,6,7,5,30,,41,20,10,6,27,19,45,,12,10,12,38,10,62,11,6,30,8,20,11,48,17,13,3,558
К102 Роз. 2-ная с/у 16А с з/к з/ш ATLAS ПЕСОЧНЫЙ ATN1226 (6),300200730_,ATN001226,6,1,12,2,14,14,30,10,2,10,25,29,7,24,50,18,82,,24,24,,18,3,48,35,6,4,24,16,10,20,9,27,10,608
К103 Роз. RJ45+RJ45 5Е кат 5Е механизм б/рамки ATLAS ПЕСОЧНЫЙ ATN1285 (5),300200731_,ATN001285,5,3,,,,3,1,2,1,2,1,2,1,,1,,,5,2,,,,,,4,,1,,,,,,2,,31
К104 Роз. с з/к 16А с/у з/ш ATLAS ПЕСОЧНЫЙ ATN1244 (5),300200732_,ATN001244,5,,,,15,48,7,26,38,6,22,9,1,2,1,,,,4,1,3,5,,,7,32,,10,5,,19,2,7,,270
"К1044 Роз. без з/к без с/ш 16А б/рамки ""ATLAS"" ПЕСОЧНЫЙ ATN1241 (5) NEW",300200778_,ATN001241,5,,,,,32,26,43,15,23,,88,52,,,63,6,11,10,40,73,35,,124,,75,,12,6,,1,15,12,7,769
К105 ТV роз. оконечная с/у б/рамки ATLAS ПЕСОЧНЫЙ ATN1291 (5),300200733_,ATN001291,5,-1,,,5,12,2,1,7,6,10,15,,,5,4,5,,10,3,5,,,,2,1,2,4,4,,1,,2,4,109
К106 Телефонная роз. RJ11 механизм б/рамки ATLAS ПЕСОЧНЫЙ ATN1281 (5),300200734_,ATN001281,5,,,,2,1,1,,,,,,,,,1,,,,,,,1,,,1,,,,,1,,,,8
К107 Рамка 1-ная ATLAS ПЕСОЧНЫЙ ATN1201 (10),300200735_,ATN001201,10,9,57,42,227,108,155,358,161,58,157,371,321,304,260,212,149,324,251,247,174,291,52,356,109,39,121,242,150,210,216,68,356,229,6384
К108 Рамка 2-ная ATLAS ПЕСОЧНЫЙ ATN1202 (5),300200736_,ATN001202,5,4,55,23,144,134,101,126,50,79,62,106,103,69,270,102,105,203,110,83,113,80,112,65,107,23,112,84,156,35,71,57,72,87,3103
К109 Рамка 3-ная ATLAS ПЕСОЧНЫЙ ATN1203 (5),300200737_,ATN001203,5,,15,6,62,41,39,64,23,40,60,37,71,44,89,52,92,49,50,27,45,48,22,5,61,9,31,39,70,29,34,38,31,22,1345
К110 Рамка 4-ная ATLAS ПЕСОЧНЫЙ ATN1204 (5),300200738_,ATN001204,5,3,6,5,25,18,6,11,14,5,22,16,10,19,23,4,17,50,24,21,36,11,8,,20,1,10,13,16,19,12,17,23,6,491
К111 Выкл 1-кл о/у IP54 10А Atlas Profi 54 БЕЛЫЙ ATN540111 (12),300200742_,ATN540111,12,8,5,37,69,20,125,132,89,134,136,211,40,15,138,78,70,101,60,56,44,83,138,160,121,97,101,40,62,53,104,37,197,59,2820
К111 Рамка 5-ная ATLAS ПЕСОЧНЫЙ ATN1205 (5),300200739_,ATN001205,5,1,2,4,5,4,1,7,3,1,13,4,2,,7,2,8,5,2,6,2,2,1,2,,,4,,3,,,1,,1,93
К112 Выкл 2-кл о/у IP54 10А Atlas Profi 54 БЕЛЫЙ ATN540151 (12),300200743_,ATN540151,12,,,,25,6,11,6,6,50,27,3,5,4,17,37,8,13,30,25,14,26,10,18,41,34,32,15,20,18,21,12,24,7,565
К112 Переключ. 2 кл 10А с/у б/рамки ATLAS ПЕСОЧНЫЙ ATN1265 (5),300200740_,ATN001265,5,8,,4,16,20,14,25,8,3,14,2,36,17,27,5,46,16,36,30,-15,11,6,17,11,9,30,2,24,20,17,7,11,2,479
К113 Выкл 1-кл сх.1 10АХ механизм ПЕСОЧНЫЙ ATLAS ATN1211 (5),300200741_,ATN001211,5,,2,,62,23,8,125,51,15,71,44,85,40,58,70,58,100,110,39,86,118,50,14,15,7,22,9,77,54,78,45,23,83,1642
К113 Роз. з/к з/ш о/у IP54 16А 250В Atlas Profi 54 БЕЛЫЙ ATN540145 (12),300200744_,ATN540145,12,17,39,61,57,63,124,183,181,195,104,117,89,22,119,103,68,89,158,98,99,82,269,72,64,58,96,87,76,285,162,70,202,289,3798
К114 Роз. 2-я з/к о/у IP54 16А Atlas Profi 54 БЕЛЫЙ ATN540126 (6),300200745_,ATN540126,6,47,23,6,8,195,41,104,35,161,84,39,58,32,79,96,112,58,52,101,136,96,70,173,77,30,78,61,87,86,50,53,101,120,2549
К115 Перекл 1-кл о/у IP54 Atlas Profi 54 БЕЛЫЙ ATN540161 (12),300200746_,ATN540161,12,33,16,8,40,29,30,18,44,39,111,47,55,56,34,47,22,119,39,67,72,54,89,103,147,70,46,68,60,108,196,78,59,92,2096
"К116 Роз,Выкл.2-кл з/к з/ш о/у IP54 16А Atlas Profi 54 БЕЛЫЙ ATN540174 (6)",300200747_,ATN540174,6,1,,,1,4,3,3,1,1,1,2,,,1,1,,1,1,1,,7,1,,,,1,,1,,,,1,21,54
"К117 Роз,Выкл.1-кл з/к з/ш о/у IP54 16А Atlas Profi 54 БЕЛЫЙ ATN540170 (6)",300200748_,ATN540170,6,1,,,1,6,8,21,4,,5,10,1,2,1,1,4,4,6,1,9,10,9,1,1,1,1,2,,1,9,2,1,2,125
К118 Выкл 1-кл о/у IP54 Atlas Profi 54 АНТРАЦИТ ATN544011 (12),300200749_,ATN544011,12,39,11,22,34,67,36,95,104,39,48,46,24,28,42,36,41,62,49,128,43,43,28,93,52,24,19,29,51,14,55,55,56,53,1566
К119 Выкл 2-кл о/у IP54 Atlas Profi 54 АНТРАЦИТ ATN544051 (12),300200750_,ATN544051,12,7,10,23,36,48,18,31,25,16,22,20,20,3,18,10,31,30,14,26,20,35,18,24,14,5,2,19,23,24,8,12,25,37,674
К120 Роз. з/к з/ш о/у IP54 16А 250В Atlas Profi 54 АНТРАЦИТ ATN544045 (12),300200751_,ATN544045,12,28,28,12,23,98,31,96,86,91,152,69,86,41,67,65,54,126,45,98,56,41,83,165,91,56,33,38,103,78,138,63,164,60,2465
К121 Роз. 2-я з/к о/у IP54 16А Atlas Profi 54 АНТРАЦИТ ATN544026 (6),300200752_,ATN544026,6,52,74,14,27,106,53,152,135,204,65,69,147,32,84,119,38,58,107,63,60,91,96,45,147,69,52,30,56,32,81,50,101,68,2577
К122 Перекл 1-кл о/у IP54 Atlas Profi 54 АНТРАЦИТ ATN544061 (12),300200753_,ATN544061,12,3,12,5,12,9,9,20,8,9,6,7,17,4,2,29,16,45,13,22,17,37,25,34,45,12,4,20,20,16,56,24,13,5,576
К123 Блок:Роз+выкл 2-кл з/к з/ш о/у IP54 16А Atlas Profi 54 АНТРАЦИТ ATN544074 (6),300200754_,ATN544074,6,4,,1,5,1,4,2,6,4,3,8,4,,1,,6,7,11,7,1,13,3,4,4,1,,,3,1,4,5,5,8,126
К124 Блок:Роз+выкл 1-кл з/к з/ш о/у IP54 16А Atlas Profi 54 АНТРАЦИТ ATN544070 (6),300200755_,ATN544070,6,5,,,3,1,2,7,3,14,5,7,3,3,9,2,3,5,9,10,17,8,19,4,4,12,3,1,9,9,13,8,3,3,204
"КОРОБКА МОНТАЖН.С / У Д / СИЛ.РОЗЕТОК, ЗЕЛЕН",300200497_,BLNMK000001,2,,,,,,,,,,,,,,,,,,,,,,,,,,,,,,,,6,,6
Распределительная  коробка о/у  с сальниками  65х45 IP55 IMT35093 Systeme Electric (150),030200226_,IMT35093,150,20,1,30,197,551,44,223,369,373,544,60,118,1325,231,265,177,30,44,19,149,10,228,77,307,176,222,98,200,35,2,4,189,76,6394
Распределительная  коробка о/у  с сальниками  70х70х40 IP55 IMT35090 Systeme Electric (96),030200223_,IMT35090,96,,53,372,1805,1513,857,1425,2503,2890,1100,1475,769,608,1248,1626,755,1276,659,1375,894,986,2235,1437,244,1163,1766,597,1092,339,510,641,969,746,35928
Распределительная  коробка о/у  с сальниками  80х40 IP55 IMT35094 Systeme Electric (96),030200227_,IMT35094,96,288,270,35,273,98,395,744,370,69,434,147,319,32,115,157,41,281,155,366,331,82,246,248,573,358,142,159,172,163,131,712,330,77,8313
Распределительная  коробка о/у  с сальниками  85х85х40 IP55 IMT35092 Systeme Electric (72),030200225_,IMT35092,72,275,120,403,1304,2845,1098,1332,1723,2447,1884,2808,1501,1536,1463,611,1011,968,1535,818,777,2648,1369,3541,715,1119,131,464,3164,1614,1940,1797,1778,1943,48682
Распределительная  коробка о/у  с сальниками 100х100х50 IP55 IMT35091 Systeme Electric (45),030200224_,IMT35091,45,1905,811,783,2655,2207,3014,3116,2156,4425,6432,3277,1683,3263,4090,2687,2457,3608,2529,3060,2794,2142,2209,1422,2041,2656,2117,1858,3325,1528,2836,3179,2076,1850,86191
Распределительная коробка с/у для полых стен г/к  80х45 IP20 IMT35160 Systeme Electric (120),030200221_,IMT35160,120,35,2362,1192,535,2003,2526,1987,2365,1130,3116,658,1073,1929,2137,2141,1710,1909,2086,851,1713,1184,1886,1538,593,2144,2164,2358,3003,2330,1434,941,547,674,54254
Распределительная коробка с/у для полых стен г/к 100х100х50 IP20 IMT35161 Systeme Electric (72),030200222_,IMT35161,72,3,519,580,643,719,1174,697,412,1056,1142,721,745,1166,835,443,1150,341,868,711,1541,836,737,222,700,388,542,243,576,244,445,640,313,226,21578
Роз. 2-ная с з/к 16А в сборе жемчуг ATLASDESIGN !!!,300200473_,ATN000424,6,,,,,,,,,3,,,1,4,,,,,,,,,,,,,,,,,,,,,8
Роз. с з/к  со з/ш с крышкой 16А IP20 механизм жемчуг ATLASDESIGN,ATN000446,ATN000446,10,,7,7,2,8,10,12,34,10,,8,7,3,6,,4,3,24,4,13,8,,1,6,5,,,7,2,5,1,,,197
"РОЗЕТКА двойная комп+ТВ, RJ45+TV, кат.5E, механизм""ATLAS"" алюминий ATN389 !!!",ATN000389,ATN000389,5,,,,,,,,,,,,,4,,,,,,,1,,,,,,,,,,,,,,5
"Сжим У 731М  (4-10/1,5-10) SE (140)",130300026_,U731M,140,,36,100,453,154,174,1286,189,647,744,853,423,477,147,153,57,1010,125,239,920,270,264,104,949,147,212,,75,765,286,450,479,5,12193
"Сжим У 733M (16-35/1,5-10)  SE (140)",130300027_,U733M,140,351,276,408,773,225,1034,2931,626,580,661,697,61,41,1245,142,305,1024,185,494,849,1344,1479,420,176,689,207,65,94,105,2233,275,9,,20004
Сжим У 734М (16-35/16-25) SE (140),130300028_,U734M,140,203,591,50,186,290,1550,-1310,95,656,322,15,265,84,295,32,669,444,94,183,170,202,,100,524,-253,,95,182,30,,134,388,187,6473
Соединитель коробок IMT35150/IMT351501 Systeme Electric (900),030200203_,IMT35180,900,,50,99,1097,1290,162,1451,1640,1747,1662,2162,1967,1052,1387,1844,1132,1609,917,880,1683,1392,1336,791,1016,857,1330,2589,2790,1865,2840,6016,3840,2341,52834
Итого,,,,81510,45828,84360,141999,144157,149830,150114,174398,191905,168903,152093,120538,149440,146891,148187,161394,154000,167016,165921,158592,150771,157076,168264,139400,110872,122762,120964,149953,157428,175581,192321,181598,135899,4819965
